1,0,0,0,1,0,0,0,1,0,0,1,0
0.999999999713995,0,2.39167392271865e-05,0,1,0,-2.39167392271865e-05,0,0.999999999713995,1.57757327743058e-05,0,1.00000747542738,0
0.999999982247788,0,0.000188426174775447,0,1,0,-0.000188426174775447,0,0.999999982247788,0.000124292731414712,0,1.00005888435152,0
0.999999803933654,0,0.000626204962112915,0,1,0,-0.000626204962112915,0,0.999999803933654,0.000413110323559311,0,1.00019560253323,0
0.999998932072721,0,0.00146145592401494,0,1,0,-0.00146145592401494,0,0.999998932072721,0.000964320038166984,0,1.00045610047373,0
0.999996051703509,0,0.0028100849441347,0,1,0,-0.0028100849441347,0,0.999996051703509,0.00185478519743246,0,1.00087573932781,0
0.999988576332971,0,0.00477987484755022,0,1,0,-0.00477987484755022,0,0.999988576332971,0.00315640853957022,0,1.00148650252833,0
0.999972094280126,0,0.00747065331944349,0,1,0,-0.00747065331944349,0,0.999972094280126,0.00493641603457887,0,1.00231668307673,0
0.999939778900855,0,0.0109744508613731,0,1,0,-0.0109744508613731,0,0.999939778900855,0.00725764541833957,0,1.00339054389548,0
0.999881787799885,0,0.0153756439249206,0,1,0,-0.0153756439249206,0,0.999881787799885,0.0101788283918671,0,1.00472796628327,0
0.999784673202456,0,0.0207510777902736,0,1,0,-0.0207510777902736,0,0.999784673202456,0.013754855972018,0,1.0063440994001,0
0.999630822961002,0,0.0271701635311575,0,1,0,-0.0271701635311575,0,0.999630822961002,0.0180370171738454,0,1.00824902185971,0
0.999397949213262,0,0.0346949435555918,0,1,0,-0.0346949435555918,0,0.999397949213262,0.0230732020710221,0,1.01044742493091,0
0.999058639482579,0,0.0433801207377056,0,1,0,-0.0433801207377056,0,0.999058639482579,0.0289080613232295,0,1.01293832554603,0
0.998579983005238,0,0.0532730470431165,0,1,0,-0.0532730470431165,0,0.998579983005238,0.0355831154716316,0,1.01571481626854,0
0.997923283261738,0,0.0644136687676869,0,1,0,-0.0644136687676869,0,0.997923283261738,0.0431368086716181,0,1.01876385856006,0
0.997043866048775,0,0.0768344270136251,0,1,0,-0.0768344270136251,0,0.997043866048775,0.0516045030367904,0,1.02206612507538,0
0.995890990919533,0,0.0905601137660014,0,1,0,-0.0905601137660014,0,0.995890990919533,0.0610184113870211,0,1.02559589626187,0
0.994407872399315,0,0.105607685848463,0,1,0,-0.105607685848463,0,0.994407872399315,0.0714074679010443,0,1.02932101620196,0
0.992531816006394,0,0.121986041066384,0,1,0,-0.121986041066384,0,0.992531816006394,0.0827971379431474,0,1.03320291236283,0
0.99019447272816,0,0.139695762922867,0,1,0,-0.139695762922867,0,0.99019447272816,0.0952091701349189,0,1.03719668365688,0
0.987322214176433,0,0.158728842349918,0,1,0,-0.158728842349918,0,0.987322214176433,0.108661295545565,0,1.0412512609187,0
0.983836629133934,0,0.179068386864846,0,1,0,-0.179068386864846,0,0.983836629133934,0.12316688064478,0,1.04530964352199,0
0.979655140574512,0,0.200688329371525,0,1,0,-0.200688329371525,0,0.979655140574512,0.13873454236508,0,1.04930921535078,0
0.974691740470711,0,0.223553150409866,0,1,0,-0.223553150409866,0,0.974691740470711,0.155367735218075,0,1.05318214266741,0
0.96885783778301,0,0.247617628949215,0,1,0,-0.247617628949215,0,0.96885783778301,0.173064321861497,0,1.05685585555794,0
0.962063212958555,0,0.272826637760797,0,1,0,-0.272826637760797,0,0.962063212958555,0.191816139779364,0,1.06025361356586,0
0.95421707007056,0,0.299114999934735,0,1,0,-0.299114999934735,0,0.95421707007056,0.211608577774152,0,1.06329515484213,0
0.945229175434738,0,0.326407423179936,0,1,0,-0.326407423179936,0,0.945229175434738,0.232420176735071,0,1.06589742664852,0
0.935011069192783,0,0.354618528121374,0,1,0,-0.354618528121374,0,0.935011069192783,0.254222269600484,0,1.06797539337115,0
0.923477334014978,0,0.383652985861689,0,1,0,-0.383652985861689,0,0.923477334014978,0.276978675538174,0,1.0694429163627,0
0.910546902816525,0,0.413405778589552,0,1,0,-0.413405778589552,0,0.910546902816525,0.300645463093633,0,1.07021369797894,0
0.896144385286314,0,0.443762594998513,0,1,0,-0.443762594998513,0,0.896144385286314,0.325170796380092,0,1.07020228016149,0
0.880201391180111,0,0.47460036974764,0,1,0,-0.47460036974764,0,0.880201391180111,0.350494877290832,0,1.06932508590932,0
0.862657826822487,0,0.505787973188275,0,1,0,-0.505787973188275,0,0.862657826822487,0.376549995202138,0,1.067501490047,0
0.843463140181469,0,0.537187054158247,0,1,0,-0.537187054158247,0,0.843463140181469,0.403260693715141,0,1.06465490391515,0
0.822577489308932,0,0.568653034883498,0,1,0,-0.568653034883498,0,0.822577489308932,0.430544061682167,0,1.06071385705643,0
0.799972808949539,0,0.600036253022585,0,1,0,-0.600036253022585,0,0.799972808949539,0.458310153118831,0,1.05561305772505,0
0.775633750767643,0,0.631183241753231,0,1,0,-0.631183241753231,0,0.775633750767643,0.486462537672619,0,1.04929441318131,0
0.749558473962081,0,0.661938134655828,0,1,0,-0.661938134655828,0,0.749558473962081,0.514898980172408,0,1.04170799030865,0
0.721759265047471,0,0.692144178129192,0,1,0,-0.692144178129192,0,0.721759265047471,0.543512244504117,0,1.03281289715892,0
0.69226296826684,0,0.721645330315651,0,1,0,-0.721645330315651,0,0.69226296826684,0.572191013739177,0,1.02257806662883,0
0.661111211426597,0,0.750287922151262,0,1,0,-0.750287922151262,0,0.661111211426597,0.600820915185649,0,1.01098292461402,0
0.628360415846895,0,0.777922353321151,0,1,0,-0.777922353321151,0,0.628360415846895,0.629285635941693,0,0.998017926674325,0
0.594081583507911,0,0.804404793705714,0,1,0,-0.804404793705714,0,0.594081583507911,0.657468111712364,0,0.983684949452316,0
0.55835985923188,0,0.829598859448683,0,1,0,-0.829598859448683,0,0.55835985923188,0.685251769203517,0,0.967997525771423,0
0.521293870738119,0,0.853377232137623,0,1,0,-0.853377232137623,0,0.521293870738119,0.712521800422165,0,0.950980915436363,0
0.482994854494996,0,0.87562318980904,0,1,0,-0.87562318980904,0,0.482994854494996,0.739166445768846,0,0.93267200718293,0
0.443585580310567,0,0.896232019591209,0,1,0,-0.896232019591209,0,0.443585580310567,0.765078261965361,0,0.913119050878139,0
0.403199092391278,0,0.915112283763501,0,1,0,-0.915112283763501,0,0.403199092391278,0.790155350661307,0,0.892381222844102,0
0.361977288998145,0,0.932186913794414,0,1,0,-0.932186913794414,0,0.361977288998145,0.814302524023527,0,0.870528030951293,0
0.320069366695286,0,0.947394110443631,0,1,0,-0.947394110443631,0,0.320069366695286,0.837432384728221,0,0.847638569777751,0
0.277630158386546,0,0.960688032169789,0,1,0,-0.960688032169789,0,0.277630158386546,0.859466299516547,0,0.823800639541261,0
0.234818396764812,0,0.972039258744627,0,1,0,-0.972039258744627,0,0.234818396764812,0.880335247788467,0,0.79910974556986,0
0.19179493637556,0,0.981435021986018,0,1,0,-0.981435021986018,0,0.19179493637556,0.899980529522502,0,0.773667997682742,0
0.14872096817179,0,0.988879200724763,0,1,0,-0.988879200724763,0,0.14872096817179,0.918354320029437,0,0.747582930925365,0
0.105756260195444,0,0.994392082344521,0,1,0,-0.994392082344521,0,0.105756260195444,0.935420062569772,0,0.720966270575913,0
0.0630574568773214,0,0.998009898313722,0,1,0,-0.998009898313722,0,0.0630574568773214,0.951152693572464,0,0.693932665173951,0
0.0207764674519925,0,0.999784145903613,0,1,0,-0.999784145903613,0,0.0207764674519925,0.965538698966062,0,0.666598411498503,0
-0.0209410287853444,0,0.999780712613227,0,1,0,-0.999780712613227,0,-0.0209410287853444,0.978576003852897,0,0.639080194948275,0
-0.0619569360933179,0,0.998078823575537,0,1,0,-0.998078823575537,0,-0.0619569360933179,0.990273701308096,0,0.611493867680854,0
-0.102141934469939,0,0.994769835299975,0,1,0,-0.994769835299975,0,-0.102141934469939,1.00065162936346,0,0.583953285201099,0
-0.141376494503033,0,0.989955901443107,0,1,0,-0.989955901443107,0,-0.141376494503033,1.00973980815088,0,0.556569219921042,0
-0.179551703633319,0,0.983748537850183,0,1,0,-0.983748537850183,0,-0.179551703633319,1.01757775165773,0,0.529448367628542,0
-0.216569897342295,0,0.976267114864138,0,1,0,-0.976267114864138,0,-0.216569897342295,1.02421367053301,0,0.50269245989497,0
-0.252345093505802,0,0.96763730487386,0,1,0,-0.96763730487386,0,-0.252345093505802,1.02970358384484,0,0.476397492325354,0
-0.286803232711089,0,0.957989512315489,0,1,0,-0.957989512315489,0,-0.286803232711089,1.03411035861418,0,0.45065307531169,0
-0.319882231597814,0,0.947457311918591,0,1,0,-0.947457311918591,0,-0.319882231597814,1.03750269634414,0,0.425541910694022,0
-0.351531860147597,0,0.936175918992349,0,1,0,-0.936175918992349,0,-0.351531860147597,1.03995408565496,0,0.401139394560939,0
-0.381713457228798,0,0.924280713079332,0,1,0,-0.924280713079332,0,-0.381713457228798,1.04154173956431,0,0.377513343419048,0
-0.410399501541686,0,0.911905833479716,0,1,0,-0.911905833479716,0,-0.410399501541686,1.04234553497661,0,0.354723838205751,0
-0.437573057365112,0,0.899182862085431,0,1,0,-0.899182862085431,0,-0.437573057365112,1.04244697062942,0,0.332823178174128,0
-0.463227116162389,0,0.886239605779316,0,1,0,-0.886239605779316,0,-0.463227116162389,1.04192815816252,0,0.311855934590655,0
-0.487363856164127,0,0.873198987462097,0,1,0,-0.873198987462097,0,-0.487363856164127,1.04087085920075,0,0.29185909248951,0
-0.509993842530778,0,0.860178051673427,0,1,0,-0.860178051673427,0,-0.509993842530778,1.03935557945107,0,0.272862267439374,0
-0.531135190642927,0,0.84728708786379,0,1,0,-0.84728708786379,0,-0.531135190642927,1.03746072887779,0,0.254887983405368,0
-0.550812714520893,0,0.834628871728102,0,1,0,-0.834628871728102,0,-0.550812714520893,1.03526185510391,0,0.237951997322137,0
-0.56905708139205,0,0.822298022688588,0,1,0,-0.822298022688588,0,-0.56905708139205,1.03283095534702,0,0.222063655916463,0
-0.585903992064755,0,0.810380473655791,0,1,0,-0.810380473655791,0,-0.585903992064755,1.03023587048088,0,0.207226270602237,0
-0.601393405093734,0,0.798953047625306,0,1,0,-0.798953047625306,0,-0.601393405093734,1.02753976325437,0,0.193437496883773,0
-0.615568820793379,0,0.788083134489661,0,1,0,-0.788083134489661,0,-0.615568820793379,1.02480068131964,0,0.180689705607103,0
-0.628476639029977,0,0.777828460647709,0,1,0,-0.777828460647709,0,-0.628476639029977,1.02207120453109,0,0.168970334551773,0
-0.640165602452825,0,0.768236943550759,0,1,0,-0.768236943550759,0,-0.640165602452825,1.01939817497463,0,0.15826221021509,0
-0.650686334453624,0,0.759346623193458,0,1,0,-0.759346623193458,0,-0.650686334453624,1.01682250735936,0,0.148543831163457,0
-0.660090978711582,0,0.751185662685056,0,1,0,-0.751185662685056,0,-0.660090978711582,1.01437907672757,0,0.139789605969428,0
-0.668432944721493,0,0.74377241035881,0,1,0,-0.74377241035881,0,-0.668432944721493,1.01209667988267,0,0.131970040476548,0
-0.675766761238816,0,0.73711551632346,0,1,0,-0.73711551632346,0,-0.675766761238816,1.00999806645887,0,0.125051870898276,0
-0.682148037131583,0,0.73121409685367,0,1,0,-0.73121409685367,0,-0.682148037131583,1.00810003511779,0,0.118998141023581,0
-0.687633526719985,0,0.726057940477642,0,1,0,-0.726057940477642,0,-0.687633526719985,1.00641358990835,0,0.113768223534982,0
-0.692281294325399,0,0.721627749970267,0,1,0,-0.721627749970267,0,-0.692281294325399,1.00494415131988,0,0.109317787110287,0
-0.696150970453805,0,0.717895414622649,0,1,0,-0.717895414622649,0,-0.696150970453805,1.00369181594783,0,0.105598712545125,0
-0.699304089815096,0,0.714824307062848,0,1,0,-0.714824307062848,0,-0.699304089815096,1.00265165793282,0,0.102558962569883,0
-0.701804499240719,0,0.712369598484862,0,1,0,-0.712369598484862,0,-0.701804499240719,1.00181406439,0,0.100142411315072,0
-0.703718821516199,0,0.710478585352051,0,1,0,-0.710478585352051,0,-0.703718821516199,1.00116509588424,0,0.0982886404814043,0
-0.705116959199614,0,0.709091019439035,0,1,0,-0.709091019439035,0,-0.705116959199614,1.00068686160566,0,0.0969327101783695,0
-0.70607262065365,0,0.708139431442203,0,1,0,-0.708139431442203,0,-0.70607262065365,1.00035789724635,0,0.0960049131003234,0
-0.706663848771586,0,0.707549436321823,0,1,0,-0.707549436321823,0,-0.706663848771586,1.00015353166908,0,0.0954305212155337,0
-0.7069735312079,0,0.707240006059776,0,1,0,-0.707240006059776,0,-0.7069735312079,1.00004622630211,0,0.0951295344700481,0
-0.707089869295823,0,0.7071236926728,0,1,0,-0.7071236926728,0,-0.707089869295823,1.00000586880901,0,0.0950164411933787,0
-0.707106781186547,0,0.707106781186548,0,1,0,-0.707106781186548,0,-0.707106781186547,1,0,0.095,0
-0.707106781186548,0,0.707106781186548,0,1,0,-0.707106781186548,0,-0.707106781186548,1,0,0.095,0
-0.707106781186548,0,0.707106781186548,0,1,0,-0.707106781186548,0,-0.707106781186548,1,0,0.0949993402123397,0
-0.707106781186548,0,0.707106781186548,0,1,0,-0.707106781186548,0,-0.707106781186548,1,0,0.0949948019140679,0
-0.707106781186548,0,0.707106781186548,0,1,0,-0.707106781186548,0,-0.707106781186548,1,0,0.0949827249722521,0
-0.707106781186548,0,0.707106781186548,0,1,0,-0.707106781186548,0,-0.707106781186548,1,0,0.094959683010349,0
-0.707106781186548,0,0.707106781186548,0,1,0,-0.707106781186548,0,-0.707106781186548,1,0,0.094922478487017,0
-0.707106781186548,0,0.707106781186548,0,1,0,-0.707106781186548,0,-0.707106781186548,1,0,0.0948681377749292,0
-0.707106781186548,0,0.707106781186548,0,1,0,-0.707106781186548,0,-0.707106781186548,1,0,0.0947939062395862,0
-0.707106781186548,0,0.707106781186548,0,1,0,-0.707106781186548,0,-0.707106781186548,1,0,0.0946972433181291,0
-0.707106781186548,0,0.707106781186548,0,1,0,-0.707106781186548,0,-0.707106781186548,1,0,0.0945758175981521,0
-0.707106781186548,0,0.707106781186548,0,1,0,-0.707106781186548,0,-0.707106781186548,1,0,0.0944275018965159,0
-0.707106781186548,0,0.707106781186548,0,1,0,-0.707106781186548,0,-0.707106781186548,1,0,0.0942503683381598,0
-0.707106781186548,0,0.707106781186548,0,1,0,-0.707106781186548,0,-0.707106781186548,1,0,0.0940426834349153,0
-0.707106781186548,0,0.707106781186548,0,1,0,-0.707106781186548,0,-0.707106781186548,1,0,0.0938029031643184,0
-0.707106781186548,0,0.707106781186548,0,1,0,-0.707106781186548,0,-0.707106781186548,1,0,0.0935296680484228,0
-0.707106781186548,0,0.707106781186548,0,1,0,-0.707106781186548,0,-0.707106781186548,1,0,0.0932217982326126,0
-0.707106781186548,0,0.707106781186548,0,1,0,-0.707106781186548,0,-0.707106781186548,1,0,0.0928782885644154,0
-0.707106781186548,0,0.707106781186548,0,1,0,-0.707106781186548,0,-0.707106781186548,1,0,0.0924983036723148,0
-0.707106781186548,0,0.707106781186548,0,1,0,-0.707106781186548,0,-0.707106781186548,1,0,0.0920811730445635,0
-0.707106781186548,0,0.707106781186548,0,1,0,-0.707106781186548,0,-0.707106781186548,1,0,0.0916263861079962,0
-0.707106781186548,0,0.707106781186548,0,1,0,-0.707106781186548,0,-0.707106781186548,1,0,0.0911335873068423,0
-0.707106781186548,0,0.707106781186548,0,1,0,-0.707106781186548,0,-0.707106781186548,1,0,0.0906025711815389,0
-0.707106781186548,0,0.707106781186548,0,1,0,-0.707106781186548,0,-0.707106781186548,1,0,0.0900332774475436,0
-0.707106781186548,0,0.707106781186548,0,1,0,-0.707106781186548,0,-0.707106781186548,1,0,0.0894257860741472,0
-0.707106781186548,0,0.707106781186548,0,1,0,-0.707106781186548,0,-0.707106781186548,1,0,0.0887803123632871,0
-0.707106781186548,0,0.707106781186548,0,1,0,-0.707106781186548,0,-0.707106781186548,1,0,0.0880972020283595,0
-0.707106781186548,0,0.707106781186548,0,1,0,-0.707106781186548,0,-0.707106781186548,1,0,0.0873769262730327,0
-0.707106781186548,0,0.707106781186548,0,1,0,-0.707106781186548,0,-0.707106781186548,1,0,0.0866200768700598,0
-0.707106781186548,0,0.707106781186548,0,1,0,-0.707106781186548,0,-0.707106781186548,1,0,0.0858273612400915,0
-0.707106781186548,0,0.707106781186548,0,1,0,-0.707106781186548,0,-0.707106781186548,1,0,0.0849995975304894,0
-0.707106781186548,0,0.707106781186548,0,1,0,-0.707106781186548,0,-0.707106781186548,1,0,0.084137709694138,0
-0.707106781186548,0,0.707106781186548,0,1,0,-0.707106781186548,0,-0.707106781186548,1,0,0.0832427225682585,0
-0.707106781186548,0,0.707106781186548,0,1,0,-0.707106781186548,0,-0.707106781186548,1,0,0.0823157569532211,0
-0.707106781186548,0,0.707106781186548,0,1,0,-0.707106781186548,0,-0.707106781186548,1,0,0.081358024691358,0
-0.707106781186548,0,0.707106781186548,0,1,0,-0.707106781186548,0,-0.707106781186548,1,0,0.0803708237457764,0
-0.707106781186548,0,0.707106781186548,0,1,0,-0.707106781186548,0,-0.707106781186548,1,0,0.079355533279171,0
-0.707106781186548,0,0.707106781186548,0,1,0,-0.707106781186548,0,-0.707106781186548,1,0,0.0783136087326375,0
-0.707106781186548,0,0.707106781186548,0,1,0,-0.707106781186548,0,-0.707106781186548,1,0,0.0772465769044846,0
-0.707106781186548,0,0.707106781186548,0,1,0,-0.707106781186548,0,-0.707106781186548,1,0,0.0761560310290476,0
-0.707106781186548,0,0.707106781186548,0,1,0,-0.707106781186548,0,-0.707106781186548,1,0,0.0750436258555011,0
-0.707106781186548,0,0.707106781186548,0,1,0,-0.707106781186548,0,-0.707106781186548,1,0,0.0739110727266716,0
-0.707106781186548,0,0.707106781186548,0,1,0,-0.707106781186548,0,-0.707106781186548,1,0,0.0727601346578505,0
-0.707106781186548,0,0.707106781186548,0,1,0,-0.707106781186548,0,-0.707106781186548,1,0,0.0715926214156071,0
-0.707106781186548,0,0.707106781186548,0,1,0,-0.707106781186548,0,-0.707106781186548,1,0,0.0704103845966012,0
-0.707106781186548,0,0.707106781186548,0,1,0,-0.707106781186548,0,-0.707106781186548,1,0,0.0692153127063963,0
-0.707106781186548,0,0.707106781186548,0,1,0,-0.707106781186548,0,-0.707106781186548,1,0,0.0680093262382723,0
-0.707106781186548,0,0.707106781186548,0,1,0,-0.707106781186548,0,-0.707106781186548,1,0,0.0667943727520381,0
-0.707106781186548,0,0.707106781186548,0,1,0,-0.707106781186548,0,-0.707106781186548,1,0,0.065572421952845,0
-0.707106781186548,0,0.707106781186548,0,1,0,-0.707106781186548,0,-0.707106781186548,1,0,0.0643454607699991,0
-0.707106781186548,0,0.707106781186548,0,1,0,-0.707106781186548,0,-0.707106781186548,1,0,0.0631154884357744,0
-0.707106781186548,0,0.707106781186548,0,1,0,-0.707106781186548,0,-0.707106781186548,1,0,0.0618845115642255,0
-0.707106781186548,0,0.707106781186548,0,1,0,-0.707106781186548,0,-0.707106781186548,1,0,0.0606545392300007,0
-0.707106781186548,0,0.707106781186548,0,1,0,-0.707106781186548,0,-0.707106781186548,1,0,0.0594275780471549,0
-0.707106781186548,0,0.707106781186548,0,1,0,-0.707106781186548,0,-0.707106781186548,1,0,0.0582056272479617,0
-0.707106781186548,0,0.707106781186548,0,1,0,-0.707106781186548,0,-0.707106781186548,1,0,0.0569906737617276,0
-0.707106781186548,0,0.707106781186548,0,1,0,-0.707106781186548,0,-0.707106781186548,1,0,0.0557846872936035,0
-0.707106781186548,0,0.707106781186548,0,1,0,-0.707106781186548,0,-0.707106781186548,1,0,0.0545896154033987,0
-0.707106781186548,0,0.707106781186548,0,1,0,-0.707106781186548,0,-0.707106781186548,1,0,0.0534073785843928,0
-0.707106781186548,0,0.707106781186548,0,1,0,-0.707106781186548,0,-0.707106781186548,1,0,0.0522398653421494,0
-0.707106781186548,0,0.707106781186548,0,1,0,-0.707106781186548,0,-0.707106781186548,1,0,0.0510889272733283,0
-0.707106781186548,0,0.707106781186548,0,1,0,-0.707106781186548,0,-0.707106781186548,1,0,0.0499563741444987,0
-0.707106781186548,0,0.707106781186548,0,1,0,-0.707106781186548,0,-0.707106781186548,1,0,0.0488439689709522,0
-0.707106781186548,0,0.707106781186548,0,1,0,-0.707106781186548,0,-0.707106781186548,1,0,0.0477534230955153,0
-0.707106781186548,0,0.707106781186548,0,1,0,-0.707106781186548,0,-0.707106781186548,1,0,0.0466863912673624,0
-0.707106781186548,0,0.707106781186548,0,1,0,-0.707106781186548,0,-0.707106781186548,1,0,0.0456444667208288,0
-0.707106781186548,0,0.707106781186548,0,1,0,-0.707106781186548,0,-0.707106781186548,1,0,0.0446291762542235,0
-0.707106781186548,0,0.707106781186548,0,1,0,-0.707106781186548,0,-0.707106781186548,1,0,0.0436419753086419,0
-0.707106781186548,0,0.707106781186548,0,1,0,-0.707106781186548,0,-0.707106781186548,1,0,0.0426842430467788,0
-0.707106781186548,0,0.707106781186548,0,1,0,-0.707106781186548,0,-0.707106781186548,1,0,0.0417572774317414,0
-0.707106781186548,0,0.707106781186548,0,1,0,-0.707106781186548,0,-0.707106781186548,1,0,0.0408622903058619,0
-0.707106781186548,0,0.707106781186548,0,1,0,-0.707106781186548,0,-0.707106781186548,1,0,0.0400004024695105,0
-0.707106781186548,0,0.707106781186548,0,1,0,-0.707106781186548,0,-0.707106781186548,1,0,0.0391726387599083,0
-0.707106781186548,0,0.707106781186548,0,1,0,-0.707106781186548,0,-0.707106781186548,1,0,0.0383799231299401,0
-0.707106781186548,0,0.707106781186548,0,1,0,-0.707106781186548,0,-0.707106781186548,1,0,0.0376230737269672,0
-0.707106781186548,0,0.707106781186548,0,1,0,-0.707106781186548,0,-0.707106781186548,1,0,0.0369027979716404,0
-0.707106781186548,0,0.707106781186548,0,1,0,-0.707106781186548,0,-0.707106781186548,1,0,0.0362196876367127,0
-0.707106781186548,0,0.707106781186548,0,1,0,-0.707106781186548,0,-0.707106781186548,1,0,0.0355742139258526,0
-0.707106781186548,0,0.707106781186548,0,1,0,-0.707106781186548,0,-0.707106781186548,1,0,0.0349667225524563,0
-0.707106781186548,0,0.707106781186548,0,1,0,-0.707106781186548,0,-0.707106781186548,1,0,0.034397428818461,0
-0.707106781186548,0,0.707106781186548,0,1,0,-0.707106781186548,0,-0.707106781186548,1,0,0.0338664126931575,0
-0.707106781186548,0,0.707106781186548,0,1,0,-0.707106781186548,0,-0.707106781186548,1,0,0.0333736138920036,0
-0.707106781186548,0,0.707106781186548,0,1,0,-0.707106781186548,0,-0.707106781186548,1,0,0.0329188269554363,0
-0.707106781186548,0,0.707106781186548,0,1,0,-0.707106781186548,0,-0.707106781186548,1,0,0.0325016963276852,0
-0.707106781186548,0,0.707106781186548,0,1,0,-0.707106781186548,0,-0.707106781186548,1,0,0.0321217114355845,0
-0.707106781186548,0,0.707106781186548,0,1,0,-0.707106781186548,0,-0.707106781186548,1,0,0.0317782017673873,0
-0.707106781186548,0,0.707106781186548,0,1,0,-0.707106781186548,0,-0.707106781186548,1,0,0.0314703319515771,0
-0.707106781186548,0,0.707106781186548,0,1,0,-0.707106781186548,0,-0.707106781186548,1,0,0.0311970968356815,0
-0.707106781186548,0,0.707106781186548,0,1,0,-0.707106781186548,0,-0.707106781186548,1,0,0.0309573165650846,0
-0.707106781186548,0,0.707106781186548,0,1,0,-0.707106781186548,0,-0.707106781186548,1,0,0.03074963166184,0
-0.707106781186548,0,0.707106781186548,0,1,0,-0.707106781186548,0,-0.707106781186548,1,0,0.030572498103484,0
-0.707106781186548,0,0.707106781186548,0,1,0,-0.707106781186548,0,-0.707106781186548,1,0,0.0304241824018478,0
-0.707106781186548,0,0.707106781186548,0,1,0,-0.707106781186548,0,-0.707106781186548,1,0,0.0303027566818708,0
-0.707106781186548,0,0.707106781186548,0,1,0,-0.707106781186548,0,-0.707106781186548,1,0,0.0302060937604137,0
-0.707106781186548,0,0.707106781186548,0,1,0,-0.707106781186548,0,-0.707106781186548,1,0,0.0301318622250707,0
-0.707106781186548,0,0.707106781186548,0,1,0,-0.707106781186548,0,-0.707106781186548,1,0,0.030077521512983,0
-0.707106781186548,0,0.707106781186548,0,1,0,-0.707106781186548,0,-0.707106781186548,1,0,0.0300403169896509,0
-0.707106781186548,0,0.707106781186548,0,1,0,-0.707106781186548,0,-0.707106781186548,1,0,0.0300172750277476,0
-0.707106781186548,0,0.707106781186548,0,1,0,-0.707106781186548,0,-0.707106781186548,1,0,0.0300051980859321,0
-0.707106781186548,0,0.707106781186548,0,1,0,-0.707106781186548,0,-0.707106781186548,1,0,0.0300006597876601,0
-0.707106781186548,0,0.707106781186548,0,1,0,-0.707106781186548,0,-0.707106781186548,1,0,0.0299999999999999,0
-0.707106781186548,0,0.707106781186548,0,1,0,-0.707106781186548,0,-0.707106781186548,1,0,0.03,1
-0.707106781186548,0,0.707106781186548,0,1,0,-0.707106781186548,0,-0.707106781186548,1,0,0.03,1
-0.707106781186548,0,0.707106781186548,0,1,0,-0.707106781186548,0,-0.707106781186548,1,0,0.03,1
-0.707106781186548,0,0.707106781186548,0,1,0,-0.707106781186548,0,-0.707106781186548,1,0,0.03,1
-0.707106781186548,0,0.707106781186548,0,1,0,-0.707106781186548,0,-0.707106781186548,1,0,0.03,1
-0.707106781186548,0,0.707106781186548,0,1,0,-0.707106781186548,0,-0.707106781186548,1,0,0.03,1
-0.707106781186548,0,0.707106781186548,0,1,0,-0.707106781186548,0,-0.707106781186548,1,0,0.03,1
-0.707106781186548,0,0.707106781186548,0,1,0,-0.707106781186548,0,-0.707106781186548,1,0,0.03,1
-0.707106781186548,0,0.707106781186548,0,1,0,-0.707106781186548,0,-0.707106781186548,1,0,0.03,1
-0.707106781186548,0,0.707106781186548,0,1,0,-0.707106781186548,0,-0.707106781186548,1,0,0.03,1
-0.707106781186548,0,0.707106781186548,0,1,0,-0.707106781186548,0,-0.707106781186548,1,0,0.03,1
-0.707106781186548,0,0.707106781186548,0,1,0,-0.707106781186548,0,-0.707106781186548,1,0,0.03,1
-0.707106781186548,0,0.707106781186548,0,1,0,-0.707106781186548,0,-0.707106781186548,1,0,0.03,1
-0.707106781186548,0,0.707106781186548,0,1,0,-0.707106781186548,0,-0.707106781186548,1,0,0.03,1
-0.707106781186548,0,0.707106781186548,0,1,0,-0.707106781186548,0,-0.707106781186548,1,0,0.03,1
-0.707106781186548,0,0.707106781186548,0,1,0,-0.707106781186548,0,-0.707106781186548,1,0,0.03,1
-0.707106781186548,0,0.707106781186548,0,1,0,-0.707106781186548,0,-0.707106781186548,1,0,0.03,1
-0.707106781186548,0,0.707106781186548,0,1,0,-0.707106781186548,0,-0.707106781186548,1,0,0.03,1
-0.707106781186548,0,0.707106781186548,0,1,0,-0.707106781186548,0,-0.707106781186548,1,0,0.03,1
-0.707106781186548,0,0.707106781186548,0,1,0,-0.707106781186548,0,-0.707106781186548,1,0,0.03,1
-0.707106781186548,0,0.707106781186548,0,1,0,-0.707106781186548,0,-0.707106781186548,1,0,0.03,1
-0.707106781186548,0,0.707106781186548,0,1,0,-0.707106781186548,0,-0.707106781186548,1,0,0.03,1
-0.707106781186548,0,0.707106781186548,0,1,0,-0.707106781186548,0,-0.707106781186548,1,0,0.03,1
-0.707106781186548,0,0.707106781186548,0,1,0,-0.707106781186548,0,-0.707106781186548,1,0,0.03,1
-0.707106781186548,0,0.707106781186548,0,1,0,-0.707106781186548,0,-0.707106781186548,1,0,0.03,1
-0.707106781186548,0,0.707106781186548,0,1,0,-0.707106781186548,0,-0.707106781186548,1,0,0.03,1
-0.707106781186548,0,0.707106781186548,0,1,0,-0.707106781186548,0,-0.707106781186548,1,0,0.03,1
-0.707106781186548,0,0.707106781186548,0,1,0,-0.707106781186548,0,-0.707106781186548,1,0,0.03,1
-0.707106781186548,0,0.707106781186548,0,1,0,-0.707106781186548,0,-0.707106781186548,1,0,0.03,1
-0.707106781186548,0,0.707106781186548,0,1,0,-0.707106781186548,0,-0.707106781186548,1,0,0.03,1
-0.707106781186548,0,0.707106781186548,0,1,0,-0.707106781186548,0,-0.707106781186548,1,0,0.03,1
-0.707106781186548,0,0.707106781186548,0,1,0,-0.707106781186548,0,-0.707106781186548,1,0,0.03,1
-0.707106781186548,0,0.707106781186548,0,1,0,-0.707106781186548,0,-0.707106781186548,1,0,0.03,1
-0.707106781186548,0,0.707106781186548,0,1,0,-0.707106781186548,0,-0.707106781186548,1,0,0.03,1
-0.707106781186548,0,0.707106781186548,0,1,0,-0.707106781186548,0,-0.707106781186548,1,0,0.03,1
-0.707106781186548,0,0.707106781186548,0,1,0,-0.707106781186548,0,-0.707106781186548,1,0,0.03,1
-0.707106781186548,0,0.707106781186548,0,1,0,-0.707106781186548,0,-0.707106781186548,1,0,0.03,1
-0.707106781186548,0,0.707106781186548,0,1,0,-0.707106781186548,0,-0.707106781186548,1,0,0.03,1
-0.707106781186548,0,0.707106781186548,0,1,0,-0.707106781186548,0,-0.707106781186548,1,0,0.03,1
-0.707106781186548,0,0.707106781186548,0,1,0,-0.707106781186548,0,-0.707106781186548,1,0,0.03,1
-0.707106781186548,0,0.707106781186548,0,1,0,-0.707106781186548,0,-0.707106781186548,1,0,0.03,1
-0.707106781186548,0,0.707106781186548,0,1,0,-0.707106781186548,0,-0.707106781186548,1,0,0.03,1
-0.707106781186548,0,0.707106781186548,0,1,0,-0.707106781186548,0,-0.707106781186548,1,0,0.03,1
-0.707106781186548,0,0.707106781186548,0,1,0,-0.707106781186548,0,-0.707106781186548,1,0,0.03,1
-0.707106781186548,0,0.707106781186548,0,1,0,-0.707106781186548,0,-0.707106781186548,1,0,0.03,1
-0.707106781186548,0,0.707106781186548,0,1,0,-0.707106781186548,0,-0.707106781186548,1,0,0.03,1
-0.707106781186548,0,0.707106781186548,0,1,0,-0.707106781186548,0,-0.707106781186548,1,0,0.03,1
-0.707106781186548,0,0.707106781186548,0,1,0,-0.707106781186548,0,-0.707106781186548,1,0,0.03,1
-0.707106781186548,0,0.707106781186548,0,1,0,-0.707106781186548,0,-0.707106781186548,1,0,0.03,1
-0.707106781186548,0,0.707106781186548,0,1,0,-0.707106781186548,0,-0.707106781186548,1,0,0.03,1
-0.707106781186548,0,0.707106781186548,0,1,0,-0.707106781186548,0,-0.707106781186548,1,0,0.03,1
-0.707106781186548,0,0.707106781186548,0,1,0,-0.707106781186548,0,-0.707106781186548,1,0,0.03,1
-0.707106781186548,0,0.707106781186548,0,1,0,-0.707106781186548,0,-0.707106781186548,1,0,0.03,1
-0.707106781186548,0,0.707106781186548,0,1,0,-0.707106781186548,0,-0.707106781186548,1,0,0.03,1
-0.707106781186548,0,0.707106781186548,0,1,0,-0.707106781186548,0,-0.707106781186548,1,0,0.03,1
-0.707106781186548,0,0.707106781186548,0,1,0,-0.707106781186548,0,-0.707106781186548,1,0,0.03,1
-0.707106781186548,0,0.707106781186548,0,1,0,-0.707106781186548,0,-0.707106781186548,1,0,0.03,1
-0.707106781186548,0,0.707106781186548,0,1,0,-0.707106781186548,0,-0.707106781186548,1,0,0.03,1
-0.707106781186548,0,0.707106781186548,0,1,0,-0.707106781186548,0,-0.707106781186548,1,0,0.03,1
-0.707106781186548,0,0.707106781186548,0,1,0,-0.707106781186548,0,-0.707106781186548,1,0,0.03,1
-0.707106781186548,0,0.707106781186548,0,1,0,-0.707106781186548,0,-0.707106781186548,1,0,0.03,1
-0.707106781186548,0,0.707106781186548,0,1,0,-0.707106781186548,0,-0.707106781186548,1,0,0.03,1
-0.707106781186548,0,0.707106781186548,0,1,0,-0.707106781186548,0,-0.707106781186548,1,0,0.03,1
-0.707106781186548,0,0.707106781186548,0,1,0,-0.707106781186548,0,-0.707106781186548,1,0,0.03,1
-0.707106781186548,0,0.707106781186548,0,1,0,-0.707106781186548,0,-0.707106781186548,1,0,0.03,1
-0.707106781186548,0,0.707106781186548,0,1,0,-0.707106781186548,0,-0.707106781186548,1,0,0.03,1
-0.707106781186548,0,0.707106781186548,0,1,0,-0.707106781186548,0,-0.707106781186548,1,0,0.03,1
-0.707106781186548,0,0.707106781186548,0,1,0,-0.707106781186548,0,-0.707106781186548,1,0,0.03,1
-0.707106781186548,0,0.707106781186548,0,1,0,-0.707106781186548,0,-0.707106781186548,1,0,0.03,1
-0.707106781186548,0,0.707106781186548,0,1,0,-0.707106781186548,0,-0.707106781186548,1,0,0.03,1
-0.707106781186548,0,0.707106781186548,0,1,0,-0.707106781186548,0,-0.707106781186548,1,0,0.03,1
-0.707106781186548,0,0.707106781186548,0,1,0,-0.707106781186548,0,-0.707106781186548,1,0,0.03,1
-0.707106781186548,0,0.707106781186548,0,1,0,-0.707106781186548,0,-0.707106781186548,1,0,0.03,1
-0.707106781186548,0,0.707106781186548,0,1,0,-0.707106781186548,0,-0.707106781186548,1,0,0.03,1
-0.707106781186548,0,0.707106781186548,0,1,0,-0.707106781186548,0,-0.707106781186548,1,0,0.03,1
-0.707106781186548,0,0.707106781186548,0,1,0,-0.707106781186548,0,-0.707106781186548,1,0,0.03,1
-0.707106781186548,0,0.707106781186548,0,1,0,-0.707106781186548,0,-0.707106781186548,1,0,0.03,1
-0.707106781186548,0,0.707106781186548,0,1,0,-0.707106781186548,0,-0.707106781186548,1,0,0.03,1
-0.707106781186548,0,0.707106781186548,0,1,0,-0.707106781186548,0,-0.707106781186548,1,0,0.03,1
-0.707106781186548,0,0.707106781186548,0,1,0,-0.707106781186548,0,-0.707106781186548,1,0,0.03,1
-0.707106781186548,0,0.707106781186548,0,1,0,-0.707106781186548,0,-0.707106781186548,1,0,0.03,1
-0.707106781186548,0,0.707106781186548,0,1,0,-0.707106781186548,0,-0.707106781186548,1,0,0.03,1
-0.707106781186548,0,0.707106781186548,0,1,0,-0.707106781186548,0,-0.707106781186548,1,0,0.03,1
-0.707106781186548,0,0.707106781186548,0,1,0,-0.707106781186548,0,-0.707106781186548,1,0,0.03,1
-0.707106781186548,0,0.707106781186548,0,1,0,-0.707106781186548,0,-0.707106781186548,1,0,0.03,1
-0.707106781186548,0,0.707106781186548,0,1,0,-0.707106781186548,0,-0.707106781186548,1,0,0.03,1
-0.707106781186548,0,0.707106781186548,0,1,0,-0.707106781186548,0,-0.707106781186548,1,0,0.03,1
-0.707106781186548,0,0.707106781186548,0,1,0,-0.707106781186548,0,-0.707106781186548,1,0,0.03,1
-0.707106781186548,0,0.707106781186548,0,1,0,-0.707106781186548,0,-0.707106781186548,1,0,0.03,1
-0.707106781186548,0,0.707106781186548,0,1,0,-0.707106781186548,0,-0.707106781186548,1,0,0.03,1
-0.707106781186548,0,0.707106781186548,0,1,0,-0.707106781186548,0,-0.707106781186548,1,0,0.03,1
-0.707106781186548,0,0.707106781186548,0,1,0,-0.707106781186548,0,-0.707106781186548,1,0,0.03,1
-0.707106781186548,0,0.707106781186548,0,1,0,-0.707106781186548,0,-0.707106781186548,1,0,0.03,1
-0.707106781186548,0,0.707106781186548,0,1,0,-0.707106781186548,0,-0.707106781186548,1,0,0.03,1
-0.707106781186548,0,0.707106781186548,0,1,0,-0.707106781186548,0,-0.707106781186548,1,0,0.03,1
-0.707106781186548,0,0.707106781186548,0,1,0,-0.707106781186548,0,-0.707106781186548,1,0,0.03,1
-0.707106781186548,0,0.707106781186548,0,1,0,-0.707106781186548,0,-0.707106781186548,1,0,0.03,1
-0.707106781186548,0,0.707106781186548,0,1,0,-0.707106781186548,0,-0.707106781186548,1,0,0.03,1
-0.707106781186548,0,0.707106781186548,0,1,0,-0.707106781186548,0,-0.707106781186548,1,0,0.03,1
-0.707106781186548,0,0.707106781186548,0,1,0,-0.707106781186548,0,-0.707106781186548,1,0,0.03,1
-0.707106781186548,0,0.707106781186548,0,1,0,-0.707106781186548,0,-0.707106781186548,1,0,0.03,1
-0.707106781186548,0,0.707106781186548,0,1,0,-0.707106781186548,0,-0.707106781186548,1,0,0.0300006597876603,1
-0.707106781186548,0,0.707106781186548,0,1,0,-0.707106781186548,0,-0.707106781186548,1,0,0.0300051980859322,1
-0.707106781186548,0,0.707106781186548,0,1,0,-0.707106781186548,0,-0.707106781186548,1,0,0.0300172750277479,1
-0.707106781186548,0,0.707106781186548,0,1,0,-0.707106781186548,0,-0.707106781186548,1,0,0.030040316989651,1
-0.707106781186548,0,0.707106781186548,0,1,0,-0.707106781186548,0,-0.707106781186548,1,0,0.030077521512983,1
-0.707106781186548,0,0.707106781186548,0,1,0,-0.707106781186548,0,-0.707106781186548,1,0,0.0301318622250708,1
-0.707106781186548,0,0.707106781186548,0,1,0,-0.707106781186548,0,-0.707106781186548,1,0,0.0302060937604138,1
-0.707106781186548,0,0.707106781186548,0,1,0,-0.707106781186548,0,-0.707106781186548,1,0,0.0303027566818709,1
-0.707106781186548,0,0.707106781186548,0,1,0,-0.707106781186548,0,-0.707106781186548,1,0,0.0304241824018479,1
-0.707106781186548,0,0.707106781186548,0,1,0,-0.707106781186548,0,-0.707106781186548,1,0,0.0305724981034841,1
-0.707106781186548,0,0.707106781186548,0,1,0,-0.707106781186548,0,-0.707106781186548,1,0,0.0307496316618402,1
-0.707106781186548,0,0.707106781186548,0,1,0,-0.707106781186548,0,-0.707106781186548,1,0,0.0309573165650847,1
-0.707106781186548,0,0.707106781186548,0,1,0,-0.707106781186548,0,-0.707106781186548,1,0,0.0311970968356816,1
-0.707106781186548,0,0.707106781186548,0,1,0,-0.707106781186548,0,-0.707106781186548,1,0,0.0314703319515772,1
-0.707106781186548,0,0.707106781186548,0,1,0,-0.707106781186548,0,-0.707106781186548,1,0,0.0317782017673874,1
-0.707106781186548,0,0.707106781186548,0,1,0,-0.707106781186548,0,-0.707106781186548,1,0,0.0321217114355846,1
-0.707106781186548,0,0.707106781186548,0,1,0,-0.707106781186548,0,-0.707106781186548,1,0,0.0325016963276852,1
-0.707106781186548,0,0.707106781186548,0,1,0,-0.707106781186548,0,-0.707106781186548,1,0,0.0329188269554365,1
-0.707106781186548,0,0.707106781186548,0,1,0,-0.707106781186548,0,-0.707106781186548,1,0,0.0333736138920038,1
-0.707106781186548,0,0.707106781186548,0,1,0,-0.707106781186548,0,-0.707106781186548,1,0,0.0338664126931577,1
-0.707106781186548,0,0.707106781186548,0,1,0,-0.707106781186548,0,-0.707106781186548,1,0,0.0343974288184611,1
-0.707106781186548,0,0.707106781186548,0,1,0,-0.707106781186548,0,-0.707106781186548,1,0,0.0349667225524564,1
-0.707106781186548,0,0.707106781186548,0,1,0,-0.707106781186548,0,-0.707106781186548,1,0,0.0355742139258528,1
-0.707106781186548,0,0.707106781186548,0,1,0,-0.707106781186548,0,-0.707106781186548,1,0,0.0362196876367129,1
-0.707106781186548,0,0.707106781186548,0,1,0,-0.707106781186548,0,-0.707106781186548,1,0,0.0369027979716405,1
-0.707106781186548,0,0.707106781186548,0,1,0,-0.707106781186548,0,-0.707106781186548,1,0,0.0376230737269673,1
-0.707106781186548,0,0.707106781186548,0,1,0,-0.707106781186548,0,-0.707106781186548,1,0,0.0383799231299402,1
-0.707106781186548,0,0.707106781186548,0,1,0,-0.707106781186548,0,-0.707106781186548,1,0,0.0391726387599085,1
-0.707106781186548,0,0.707106781186548,0,1,0,-0.707106781186548,0,-0.707106781186548,1,0,0.0400004024695107,1
-0.707106781186548,0,0.707106781186548,0,1,0,-0.707106781186548,0,-0.707106781186548,1,0,0.040862290305862,1
-0.707106781186548,0,0.707106781186548,0,1,0,-0.707106781186548,0,-0.707106781186548,1,0,0.0417572774317415,1
-0.707106781186548,0,0.707106781186548,0,1,0,-0.707106781186548,0,-0.707106781186548,1,0,0.0426842430467789,1
-0.707106781186548,0,0.707106781186548,0,1,0,-0.707106781186548,0,-0.707106781186548,1,0,0.043641975308642,1
-0.707106781186548,0,0.707106781186548,0,1,0,-0.707106781186548,0,-0.707106781186548,1,0,0.0446291762542236,1
-0.707106781186548,0,0.707106781186548,0,1,0,-0.707106781186548,0,-0.707106781186548,1,0,0.045644466720829,1
-0.707106781186548,0,0.707106781186548,0,1,0,-0.707106781186548,0,-0.707106781186548,1,0,0.0466863912673625,1
-0.707106781186548,0,0.707106781186548,0,1,0,-0.707106781186548,0,-0.707106781186548,1,0,0.0477534230955154,1
-0.707106781186548,0,0.707106781186548,0,1,0,-0.707106781186548,0,-0.707106781186548,1,0,0.0488439689709524,1
-0.707106781186548,0,0.707106781186548,0,1,0,-0.707106781186548,0,-0.707106781186548,1,0,0.0499563741444989,1
-0.707106781186548,0,0.707106781186548,0,1,0,-0.707106781186548,0,-0.707106781186548,1,0,0.0510889272733284,1
-0.707106781186548,0,0.707106781186548,0,1,0,-0.707106781186548,0,-0.707106781186548,1,0,0.0522398653421495,1
-0.707106781186548,0,0.707106781186548,0,1,0,-0.707106781186548,0,-0.707106781186548,1,0,0.0534073785843929,1
-0.707106781186548,0,0.707106781186548,0,1,0,-0.707106781186548,0,-0.707106781186548,1,0,0.0545896154033988,1
-0.707106781186548,0,0.707106781186548,0,1,0,-0.707106781186548,0,-0.707106781186548,1,0,0.0557846872936037,1
-0.707106781186548,0,0.707106781186548,0,1,0,-0.707106781186548,0,-0.707106781186548,1,0,0.0569906737617277,1
-0.707106781186548,0,0.707106781186548,0,1,0,-0.707106781186548,0,-0.707106781186548,1,0,0.0582056272479619,1
-0.707106781186548,0,0.707106781186548,0,1,0,-0.707106781186548,0,-0.707106781186548,1,0,0.059427578047155,1
-0.707106781186548,0,0.707106781186548,0,1,0,-0.707106781186548,0,-0.707106781186548,1,0,0.0606545392300009,1
-0.707106781186548,0,0.707106781186548,0,1,0,-0.707106781186548,0,-0.707106781186548,1,0,0.0618845115642256,1
-0.707106781186548,0,0.707106781186548,0,1,0,-0.707106781186548,0,-0.707106781186548,1,0,0.0631154884357745,1
-0.707106781186548,0,0.707106781186548,0,1,0,-0.707106781186548,0,-0.707106781186548,1,0,0.0643454607699993,1
-0.707106781186548,0,0.707106781186548,0,1,0,-0.707106781186548,0,-0.707106781186548,1,0,0.0655724219528452,1
-0.707106781186548,0,0.707106781186548,0,1,0,-0.707106781186548,0,-0.707106781186548,1,0,0.0667943727520383,1
-0.707106781186548,0,0.707106781186548,0,1,0,-0.707106781186548,0,-0.707106781186548,1,0,0.0680093262382724,1
-0.707106781186548,0,0.707106781186548,0,1,0,-0.707106781186548,0,-0.707106781186548,1,0,0.0692153127063965,1
-0.707106781186548,0,0.707106781186548,0,1,0,-0.707106781186548,0,-0.707106781186548,1,0,0.0704103845966013,1
-0.707106781186548,0,0.707106781186548,0,1,0,-0.707106781186548,0,-0.707106781186548,1,0,0.0715926214156072,1
-0.707106781186548,0,0.707106781186548,0,1,0,-0.707106781186548,0,-0.707106781186548,1,0,0.0727601346578506,1
-0.707106781186548,0,0.707106781186548,0,1,0,-0.707106781186548,0,-0.707106781186548,1,0,0.0739110727266717,1
-0.707106781186548,0,0.707106781186548,0,1,0,-0.707106781186548,0,-0.707106781186548,1,0,0.0750436258555013,1
-0.707106781186548,0,0.707106781186548,0,1,0,-0.707106781186548,0,-0.707106781186548,1,0,0.0761560310290478,1
-0.707106781186548,0,0.707106781186548,0,1,0,-0.707106781186548,0,-0.707106781186548,1,0,0.0772465769044847,1
-0.707106781186548,0,0.707106781186548,0,1,0,-0.707106781186548,0,-0.707106781186548,1,0,0.0783136087326376,1
-0.707106781186548,0,0.707106781186548,0,1,0,-0.707106781186548,0,-0.707106781186548,1,0,0.0793555332791712,1
-0.707106781186548,0,0.707106781186548,0,1,0,-0.707106781186548,0,-0.707106781186548,1,0,0.0803708237457765,1
-0.707106781186548,0,0.707106781186548,0,1,0,-0.707106781186548,0,-0.707106781186548,1,0,0.0813580246913581,1
-0.707106781186548,0,0.707106781186548,0,1,0,-0.707106781186548,0,-0.707106781186548,1,0,0.0823157569532212,1
-0.707106781186548,0,0.707106781186548,0,1,0,-0.707106781186548,0,-0.707106781186548,1,0,0.0832427225682586,1
-0.707106781186548,0,0.707106781186548,0,1,0,-0.707106781186548,0,-0.707106781186548,1,0,0.0841377096941381,1
-0.707106781186548,0,0.707106781186548,0,1,0,-0.707106781186548,0,-0.707106781186548,1,0,0.0849995975304895,1
-0.707106781186548,0,0.707106781186548,0,1,0,-0.707106781186548,0,-0.707106781186548,1,0,0.0858273612400917,1
-0.707106781186548,0,0.707106781186548,0,1,0,-0.707106781186548,0,-0.707106781186548,1,0,0.0866200768700599,1
-0.707106781186548,0,0.707106781186548,0,1,0,-0.707106781186548,0,-0.707106781186548,1,0,0.0873769262730328,1
-0.707106781186548,0,0.707106781186548,0,1,0,-0.707106781186548,0,-0.707106781186548,1,0,0.0880972020283596,1
-0.707106781186548,0,0.707106781186548,0,1,0,-0.707106781186548,0,-0.707106781186548,1,0,0.0887803123632873,1
-0.707106781186548,0,0.707106781186548,0,1,0,-0.707106781186548,0,-0.707106781186548,1,0,0.0894257860741474,1
-0.707106781186548,0,0.707106781186548,0,1,0,-0.707106781186548,0,-0.707106781186548,1,0,0.0900332774475437,1
-0.707106781186548,0,0.707106781186548,0,1,0,-0.707106781186548,0,-0.707106781186548,1,0,0.090602571181539,1
-0.707106781186548,0,0.707106781186548,0,1,0,-0.707106781186548,0,-0.707106781186548,1,0,0.0911335873068425,1
-0.707106781186548,0,0.707106781186548,0,1,0,-0.707106781186548,0,-0.707106781186548,1,0,0.0916263861079964,1
-0.707106781186548,0,0.707106781186548,0,1,0,-0.707106781186548,0,-0.707106781186548,1,0,0.0920811730445637,1
-0.707106781186548,0,0.707106781186548,0,1,0,-0.707106781186548,0,-0.707106781186548,1,0,0.0924983036723148,1
-0.707106781186548,0,0.707106781186548,0,1,0,-0.707106781186548,0,-0.707106781186548,1,0,0.0928782885644155,1
-0.707106781186548,0,0.707106781186548,0,1,0,-0.707106781186548,0,-0.707106781186548,1,0,0.0932217982326127,1
-0.707106781186548,0,0.707106781186548,0,1,0,-0.707106781186548,0,-0.707106781186548,1,0,0.0935296680484229,1
-0.707106781186548,0,0.707106781186548,0,1,0,-0.707106781186548,0,-0.707106781186548,1,0,0.0938029031643185,1
-0.707106781186548,0,0.707106781186548,0,1,0,-0.707106781186548,0,-0.707106781186548,1,0,0.0940426834349154,1
-0.707106781186548,0,0.707106781186548,0,1,0,-0.707106781186548,0,-0.707106781186548,1,0,0.09425036833816,1
-0.707106781186548,0,0.707106781186548,0,1,0,-0.707106781186548,0,-0.707106781186548,1,0,0.094427501896516,1
-0.707106781186548,0,0.707106781186548,0,1,0,-0.707106781186548,0,-0.707106781186548,1,0,0.0945758175981522,1
-0.707106781186548,0,0.707106781186548,0,1,0,-0.707106781186548,0,-0.707106781186548,1,0,0.0946972433181292,1
-0.707106781186548,0,0.707106781186548,0,1,0,-0.707106781186548,0,-0.707106781186548,1,0,0.0947939062395863,1
-0.707106781186548,0,0.707106781186548,0,1,0,-0.707106781186548,0,-0.707106781186548,1,0,0.0948681377749293,1
-0.707106781186548,0,0.707106781186548,0,1,0,-0.707106781186548,0,-0.707106781186548,1,0,0.094922478487017,1
-0.707106781186548,0,0.707106781186548,0,1,0,-0.707106781186548,0,-0.707106781186548,1,0,0.0949596830103491,1
-0.707106781186548,0,0.707106781186548,0,1,0,-0.707106781186548,0,-0.707106781186548,1,0,0.0949827249722524,1
-0.707106781186548,0,0.707106781186548,0,1,0,-0.707106781186548,0,-0.707106781186548,1,0,0.0949948019140679,1
-0.707106781186548,0,0.707106781186548,0,1,0,-0.707106781186548,0,-0.707106781186548,1,0,0.0949993402123399,1
-0.707106781186548,0,0.707106781186548,0,1,0,-0.707106781186548,0,-0.707106781186548,1,0,0.0950000000000001,1
-0.707106781186548,0,0.707106781186548,0,1,0,-0.707106781186548,0,-0.707106781186548,1,0,0.095,1
-0.707106781096665,1.59444928189688e-05,0.707106781096665,1.12744589948731e-05,0.999999999872887,-1.12744589948731e-05,-0.707106781186548,0,-0.707106781186548,0.999999999872887,-1.59444928189688e-05,0.095,1
-0.707106775607566,0.000125617450263258,0.707106775607566,8.88249509165139e-05,0.999999992110128,-8.88249509165139e-05,-0.707106781186548,0,-0.707106781186548,0.999999992110128,-0.000125617450263258,0.095,1
-0.707106719568838,0.000417469989899687,0.707106719568838,0.000295195860799948,0.9999999128594,-0.000295195860799948,-0.707106781186548,0,-0.707106781186548,0.9999999128594,-0.000417469989899687,0.095,1
-0.70710644556935,0.000974304142025915,0.70710644556935,0.000688937065764665,0.999999525365607,-0.000688937065764665,-0.707106781186548,0,-0.707106781186548,0.999999525365607,-0.000974304142025915,0.095,1
-0.707105540356217,0.00187339133251746,0.707105540356217,0.0013246877150392,0.999998245200918,-0.0013246877150392,-0.707106781186548,0,-0.707106781186548,0.999998245200918,-0.00187339133251746,0.095,1
-0.707103191070562,0.0031865899729249,0.707103191070562,0.00225325937871625,0.999994922809283,-0.00225325937871625,-0.707106781186548,0,-0.707106781186548,0.999994922809283,-0.0031865899729249,0.095,1
-0.707098011242217,0.00498046128407681,0.707098011242217,0.00352171794740777,0.999987597425787,-0.00352171794740777,-0.707106781186548,0,-0.707106781186548,0.999987597425787,-0.00498046128407681,0.095,1
-0.707087855415427,0.00731638216778514,0.707087855415427,0.00517346344459321,0.999973234917803,-0.00517346344459321,-0.707106781186548,0,-0.707106781186548,0.999973234917803,-0.00731638216778514,0.095,1
-0.707069630269538,0.0102506536863786,0.707069630269538,0.00724830673323317,0.99994746066931,-0.00724830673323317,-0.707106781186548,0,-0.707106781186548,0.99994746066931,-0.0102506536863786,0.095,1
-0.70703910915341,0.0138346035398428,0.70703910915341,0.00978254197805025,0.999904297292944,-0.00978254197805025,-0.707106781186548,0,-0.707106781186548,0.999904297292944,-0.0138346035398428,0.095,1
-0.706990756070139,0.0181146808624218,0.706990756070139,0.0128090136768486,0.999835915706799,-0.0128090136768486,-0.707106781186548,0,-0.707106781186548,0.999835915706799,-0.0181146808624218,0.095,1
-0.706917564329243,0.0231325417025579,0.706917564329243,0.0163571771039593,0.999732406954171,-0.0163571771039593,-0.707106781186548,0,-0.707106781186548,0.999732406954171,-0.0231325417025579,0.095,1
-0.706810914325323,0.0289251237024595,0.706810914325323,0.0204531511166688,0.999581581072199,-0.0204531511166688,-0.707106781186548,0,-0.707106781186548,0.999581581072199,-0.0289251237024595,0.095,1
-0.706660454202784,0.0355247087508289,0.706660454202784,0.0251197624573882,0.999368798326308,-0.0251197624573882,-0.707106781186548,0,-0.707106781186548,0.999368798326308,-0.0355247087508289,0.095,1
-0.706454006521878,0.0429589727341559,0.706454006521878,0.0303765809331296,0.99907683721605,-0.0303765809331296,-0.707106781186547,0,-0.707106781186547,0.99907683721605,-0.0429589727341559,0.095,1
-0.706177503447122,0.0512510219447257,0.706177503447122,0.0362399451598561,0.998685802817694,-0.0362399451598561,-0.707106781186548,0,-0.707106781186548,0.998685802817694,-0.0512510219447257,0.095,1
-0.705814952429441,0.0604194162008587,0.705814952429441,0.0427229789109596,0.998173078251436,-0.0427229789109596,-0.707106781186548,0,-0.707106781186548,0.998173078251436,-0.0604194162008587,0.095,1
-0.705348433841578,0.0704781792788926,0.705348433841578,0.0498355984937862,0.997513321337381,-0.0498355984937862,-0.707106781186548,0,-0.707106781186548,0.997513321337381,-0.0704781792788926,0.095,1
-0.704758131545678,0.0814367978280684,0.704758131545678,0.057584511982345,0.99667850782462,-0.057584511982345,-0.707106781186548,0,-0.707106781186548,0.99667850782462,-0.0814367978280684,0.095,1
-0.70402239691541,0.0933002105193864,0.70402239691541,0.0659732115443906,0.995638021932187,-0.0659732115443906,-0.707106781186547,0,-0.707106781186547,0.995638021932187,-0.0933002105193864,0.095,1
-0.703117846396081,0.106068789748318,0.703117846396081,0.0750019605032858,0.994358794319901,-0.0750019605032858,-0.707106781186547,0,-0.707106781186547,0.994358794319901,-0.106068789748318,0.095,1
-0.7020194922589,0.119738318750154,0.7020194922589,0.0846677771561104,0.99280548700281,-0.0846677771561104,-0.707106781186548,0,-0.707106781186548,0.99280548700281,-0.119738318750154,0.095,1
-0.700700905784872,0.134299967477734,0.700700905784872,0.0949644177166386,0.990940724128078,-0.0949644177166386,-0.707106781186548,0,-0.707106781186548,0.990940724128078,-0.134299967477734,0.095,1
-0.699134411696208,0.149740271017502,0.699134411696208,0.105882361053187,0.988725366942512,-0.105882361053187,-0.707106781186548,0,-0.707106781186548,0.988725366942512,-0.149740271017503,0.095,1
-0.697291312236319,0.166041114665927,0.697291312236319,0.11740879813605,0.986118830689535,-0.11740879813605,-0.707106781186547,0,-0.707106781186547,0.986118830689535,-0.166041114665927,0.095,1
-0.695142138883203,0.183179730040671,0.695142138883203,0.12952762928768,0.983079440585666,-0.12952762928768,-0.707106781186548,0,-0.707106781186548,0.983079440585666,-0.183179730040671,0.095,1
-0.69265692926653,0.201128706748002,0.69265692926653,0.142219472432793,0.979564823440428,-0.142219472432793,-0.707106781186548,0,-0.707106781186548,0.979564823440428,-0.201128706748002,0.095,1
-0.689805526449429,0.219856024160479,0.689805526449429,0.155461685568588,0.975532330904695,-0.155461685568588,-0.707106781186548,0,-0.707106781186548,0.975532330904695,-0.219856024160479,0.095,1
-0.686557897336681,0.239325107770313,0.686557897336681,0.169228406612589,0.970939489767889,-0.169228406612589,-0.707106781186548,0,-0.707106781186548,0.970939489767889,-0.239325107770312,0.095,1
-0.682884466588618,0.259494914370123,0.682884466588618,0.183490613634536,0.96574447418354,-0.183490613634536,-0.707106781186547,0,-0.707106781186547,0.96574447418354,-0.259494914370123,0.095,1
-0.67875646206242,0.280320049973264,0.67875646206242,0.198216208238647,0.959906594197053,-0.198216208238647,-0.707106781186548,0,-0.707106781186548,0.959906594197053,-0.280320049973264,0.095,1
-0.674146267478977,0.301750923922905,0.674146267478977,0.213370124535192,0.95338679449197,-0.213370124535192,-0.707106781186548,0,-0.707106781186548,0.95338679449197,-0.301750923922905,0.095,1
-0.669027777733997,0.323733942058321,0.669027777733997,0.228914465729692,0.94614815687575,-0.228914465729692,-0.707106781186547,0,-0.707106781186547,0.94614815687575,-0.323733942058321,0.095,1
-0.663376752046815,0.346211741117537,0.663376752046815,0.244808669870612,0.93815639970762,-0.244808669870612,-0.707106781186548,0,-0.707106781186548,0.93815639970762,-0.346211741117537,0.095,1
-0.657171159979658,0.369123465769899,0.657171159979658,0.261009705740976,0.929380367243691,-0.261009705740976,-0.707106781186548,0,-0.707106781186548,0.929380367243691,-0.369123465769899,0.095,1
-0.650391515273341,0.392405088806063,0.650391515273341,0.277472299266876,0.919792501751947,-0.277472299266876,-0.707106781186548,0,-0.707106781186548,0.919792501751947,-0.392405088806063,0.095,1
-0.643021192441184,0.415989774084696,0.643021192441184,0.294149190159548,0.909369291243642,-0.294149190159548,-0.707106781186548,0,-0.707106781186548,0.909369291243642,-0.415989774084696,0.095,1
-0.635046721147988,0.439808280866082,0.635046721147988,0.310991417822405,0.89809168578805,-0.310991417822405,-0.707106781186548,0,-0.707106781186548,0.89809168578805,-0.439808280866082,0.095,1
-0.626458053580358,0.46378940717595,0.626458053580358,0.327948634856603,0.885945475631193,-0.327948634856603,-0.707106781186548,0,-0.707106781186548,0.885945475631193,-0.46378940717595,0.0949999999999999,1
-0.617248800290813,0.487860468862875,0.617248800290813,0.344969445805788,0.87292162472979,-0.344969445805788,-0.707106781186548,0,-0.707106781186548,0.87292162472979,-0.487860468862875,0.0949999999999999,1
-0.607416430371082,0.511947810065153,0.607416430371082,0.362001768110672,0.859016553839037,-0.362001768110672,-0.707106781186548,0,-0.707106781186548,0.859016553839036,-0.511947810065153,0.0949999999999999,1
-0.596962432276575,0.535977339913612,0.596962432276575,0.378993211615242,0.844232367952762,-0.378993211615242,-0.707106781186548,0,-0.707106781186548,0.844232367952762,-0.535977339913612,0.0949999999999999,1
-0.585892432178476,0.559875089490486,0.585892432178476,0.395891472396148,0.828577023678559,-0.395891472396148,-0.707106781186548,0,-0.707106781186548,0.828577023678559,-0.559875089490486,0.0949999999999999,1
-0.574216267353236,0.583567782364512,0.574216267353236,0.412644736191941,0.812064433026202,-0.412644736191941,-0.707106781186547,0,-0.707106781186547,0.812064433026201,-0.583567782364512,0.0949999999999999,1
-0.561948012819875,0.606983411450088,0.561948012819875,0.429202086304102,0.794714501078477,-0.429202086304102,-0.707106781186548,0,-0.707106781186548,0.794714501078477,-0.606983411450088,0.0949999999999999,1
-0.549105960189174,0.630051814511672,0.549105960189174,0.445513910540092,0.776553096079431,-0.445513910540092,-0.707106781186548,0,-0.707106781186548,0.776553096079431,-0.630051814511672,0.0949999999999999,1
-0.535712548479226,0.652705240367953,0.535712548479226,0.461532301580175,0.757611951592775,-0.461532301580175,-0.707106781186548,0,-0.707106781186548,0.757611951592775,-0.652705240367953,0.0949999999999999,1
-0.521794247460805,0.674878897753978,0.521794247460805,0.477211445081541,0.737928501527333,-0.477211445081541,-0.707106781186547,0,-0.707106781186547,0.737928501527333,-0.674878897753978,0.0949999999999999,1
-0.507381394904462,0.696511478878564,0.507381394904462,0.492507989889303,0.71754564996967,-0.492507989889303,-0.707106781186548,0,-0.707106781186548,0.71754564996967,-0.696511478878564,0.0949999999999999,1
-0.492507989889303,0.71754564996967,0.492507989889303,0.507381394904463,0.696511478878563,-0.507381394904463,-0.707106781186548,0,-0.707106781186548,0.696511478878563,-0.717545649969671,0.0949999999999999,1
-0.47721144508154,0.737928501527334,0.47721144508154,0.521794247460805,0.674878897753977,-0.521794247460805,-0.707106781186548,0,-0.707106781186548,0.674878897753977,-0.737928501527334,0.0949999999999999,1
-0.461532301580175,0.757611951592775,0.461532301580175,0.535712548479226,0.652705240367953,-0.535712548479226,-0.707106781186548,0,-0.707106781186548,0.652705240367953,-0.757611951592775,0.0949999999999999,1
-0.445513910540092,0.776553096079431,0.445513910540092,0.549105960189174,0.630051814511672,-0.549105960189174,-0.707106781186547,0,-0.707106781186547,0.630051814511672,-0.776553096079431,0.0949999999999999,1
-0.429202086304101,0.794714501078477,0.429202086304101,0.561948012819875,0.606983411450088,-0.561948012819875,-0.707106781186547,0,-0.707106781186547,0.606983411450088,-0.794714501078477,0.0949999999999999,1
-0.412644736191941,0.812064433026202,0.412644736191941,0.574216267353236,0.583567782364511,-0.574216267353236,-0.707106781186548,0,-0.707106781186548,0.583567782364511,-0.812064433026202,0.0949999999999999,1
-0.395891472396148,0.828577023678559,0.395891472396148,0.585892432178476,0.559875089490486,-0.585892432178476,-0.707106781186548,0,-0.707106781186548,0.559875089490486,-0.82857702367856,0.0949999999999999,1
-0.378993211615242,0.844232367952762,0.378993211615242,0.596962432276575,0.535977339913612,-0.596962432276575,-0.707106781186548,0,-0.707106781186548,0.535977339913612,-0.844232367952763,0.0949999999999999,1
-0.362001768110672,0.859016553839037,0.362001768110672,0.607416430371082,0.511947810065152,-0.607416430371082,-0.707106781186547,0,-0.707106781186547,0.511947810065152,-0.859016553839037,0.0949999999999999,1
-0.344969445805788,0.87292162472979,0.344969445805788,0.617248800290813,0.487860468862875,-0.617248800290813,-0.707106781186548,0,-0.707106781186548,0.487860468862875,-0.87292162472979,0.0949999999999999,1
-0.327948634856603,0.885945475631193,0.327948634856603,0.626458053580358,0.46378940717595,-0.626458053580358,-0.707106781186548,0,-0.707106781186548,0.46378940717595,-0.885945475631193,0.0949999999999999,1
-0.310991417822405,0.89809168578805,0.310991417822405,0.635046721147988,0.439808280866082,-0.635046721147988,-0.707106781186548,0,-0.707106781186548,0.439808280866082,-0.89809168578805,0.0949999999999998,1
-0.294149190159548,0.909369291243642,0.294149190159548,0.643021192441184,0.415989774084696,-0.643021192441184,-0.707106781186548,0,-0.707106781186548,0.415989774084695,-0.909369291243642,0.0949999999999999,1
-0.277472299266876,0.919792501751947,0.277472299266876,0.650391515273341,0.392405088806062,-0.650391515273341,-0.707106781186548,0,-0.707106781186548,0.392405088806062,-0.919792501751947,0.0949999999999998,1
-0.261009705740976,0.929380367243691,0.261009705740976,0.657171159979658,0.369123465769899,-0.657171159979658,-0.707106781186548,0,-0.707106781186548,0.369123465769899,-0.929380367243691,0.0949999999999998,1
-0.244808669870612,0.93815639970762,0.244808669870612,0.663376752046815,0.346211741117537,-0.663376752046815,-0.707106781186548,0,-0.707106781186548,0.346211741117536,-0.93815639970762,0.0949999999999998,1
-0.228914465729692,0.94614815687575,0.228914465729692,0.669027777733996,0.323733942058322,-0.669027777733996,-0.707106781186548,0,-0.707106781186548,0.323733942058321,-0.94614815687575,0.0949999999999999,1
-0.213370124535192,0.95338679449197,0.213370124535192,0.674146267478977,0.301750923922905,-0.674146267478977,-0.707106781186548,0,-0.707106781186548,0.301750923922905,-0.95338679449197,0.0949999999999999,1
-0.198216208238646,0.959906594197054,0.198216208238646,0.67875646206242,0.280320049973264,-0.67875646206242,-0.707106781186548,0,-0.707106781186548,0.280320049973263,-0.959906594197054,0.0949999999999998,1
-0.183490613634536,0.96574447418354,0.183490613634536,0.682884466588618,0.259494914370122,-0.682884466588618,-0.707106781186548,0,-0.707106781186548,0.259494914370122,-0.96574447418354,0.0949999999999998,1
-0.169228406612589,0.970939489767889,0.169228406612589,0.686557897336681,0.239325107770312,-0.686557897336681,-0.707106781186548,0,-0.707106781186548,0.239325107770311,-0.970939489767889,0.0949999999999999,1
-0.155461685568588,0.975532330904695,0.155461685568588,0.689805526449429,0.219856024160478,-0.689805526449429,-0.707106781186548,0,-0.707106781186548,0.219856024160478,-0.975532330904695,0.0949999999999999,1
-0.142219472432792,0.979564823440428,0.142219472432792,0.69265692926653,0.201128706748001,-0.69265692926653,-0.707106781186548,0,-0.707106781186548,0.201128706748001,-0.979564823440428,0.0949999999999999,1
-0.12952762928768,0.983079440585667,0.12952762928768,0.695142138883202,0.183179730040671,-0.695142138883202,-0.707106781186548,0,-0.707106781186548,0.183179730040671,-0.983079440585667,0.0949999999999999,1
-0.11740879813605,0.986118830689535,0.11740879813605,0.697291312236319,0.166041114665927,-0.697291312236319,-0.707106781186548,0,-0.707106781186548,0.166041114665927,-0.986118830689535,0.0949999999999999,1
-0.105882361053187,0.988725366942512,0.105882361053187,0.699134411696208,0.149740271017502,-0.699134411696208,-0.707106781186548,0,-0.707106781186548,0.149740271017501,-0.988725366942512,0.0949999999999999,1
-0.0949644177166382,0.990940724128078,0.0949644177166382,0.700700905784872,0.134299967477734,-0.700700905784872,-0.707106781186548,0,-0.707106781186548,0.134299967477733,-0.990940724128078,0.0949999999999999,1
-0.0846677771561103,0.99280548700281,0.0846677771561103,0.7020194922589,0.119738318750154,-0.7020194922589,-0.707106781186548,0,-0.707106781186548,0.119738318750154,-0.99280548700281,0.0949999999999999,1
-0.0750019605032862,0.994358794319901,0.0750019605032862,0.703117846396081,0.106068789748319,-0.703117846396081,-0.707106781186548,0,-0.707106781186548,0.106068789748318,-0.994358794319901,0.0949999999999999,1
-0.0659732115443895,0.995638021932187,0.0659732115443895,0.70402239691541,0.0933002105193849,-0.70402239691541,-0.707106781186547,0,-0.707106781186547,0.0933002105193848,-0.995638021932187,0.0949999999999999,1
-0.0575845119823447,0.99667850782462,0.0575845119823447,0.704758131545678,0.0814367978280679,-0.704758131545678,-0.707106781186548,0,-0.707106781186548,0.0814367978280677,-0.99667850782462,0.0949999999999998,1
-0.0498355984937859,0.997513321337381,0.0498355984937859,0.705348433841577,0.0704781792788923,-0.705348433841577,-0.707106781186548,0,-0.707106781186548,0.0704781792788918,-0.997513321337381,0.0949999999999998,1
-0.0427229789109608,0.998173078251436,0.0427229789109608,0.705814952429441,0.0604194162008604,-0.705814952429441,-0.707106781186548,0,-0.707106781186548,0.0604194162008602,-0.998173078251436,0.0949999999999999,1
-0.0362399451598562,0.998685802817694,0.0362399451598562,0.706177503447122,0.0512510219447259,-0.706177503447122,-0.707106781186548,0,-0.707106781186548,0.0512510219447253,-0.998685802817694,0.0949999999999998,1
-0.0303765809331304,0.99907683721605,0.0303765809331304,0.706454006521878,0.0429589727341571,-0.706454006521878,-0.707106781186548,0,-0.707106781186548,0.0429589727341566,-0.99907683721605,0.0949999999999999,1
-0.0251197624573888,0.999368798326308,0.0251197624573888,0.706660454202784,0.0355247087508297,-0.706660454202784,-0.707106781186548,0,-0.707106781186548,0.0355247087508295,-0.999368798326308,0.0949999999999999,1
-0.0204531511166683,0.999581581072199,0.0204531511166683,0.706810914325323,0.0289251237024588,-0.706810914325323,-0.707106781186548,0,-0.707106781186548,0.0289251237024586,-0.999581581072199,0.0949999999999998,1
-0.0163571771039591,0.999732406954171,0.0163571771039591,0.706917564329243,0.0231325417025576,-0.706917564329243,-0.707106781186548,0,-0.707106781186548,0.0231325417025574,-0.999732406954171,0.0949999999999998,1
-0.0128090136768486,0.999835915706799,0.0128090136768486,0.706990756070139,0.0181146808624217,-0.706990756070139,-0.707106781186548,0,-0.707106781186548,0.0181146808624215,-0.999835915706799,0.0949999999999998,1
-0.00978254197805145,0.999904297292944,0.00978254197805145,0.70703910915341,0.0138346035398446,-0.70703910915341,-0.707106781186547,0,-0.707106781186547,0.0138346035398442,-0.999904297292944,0.0949999999999999,1
-0.00724830673323384,0.99994746066931,0.00724830673323384,0.707069630269538,0.0102506536863796,-0.707069630269538,-0.707106781186548,0,-0.707106781186548,0.0102506536863793,-0.99994746066931,0.0949999999999999,1
-0.00517346344459363,0.999973234917803,0.00517346344459363,0.707087855415427,0.00731638216778563,-0.707087855415427,-0.707106781186548,0,-0.707106781186548,0.00731638216778552,-0.999973234917803,0.0949999999999999,1
-0.00352171794740758,0.999987597425787,0.00352171794740758,0.707098011242217,0.00498046128407659,-0.707098011242217,-0.707106781186547,0,-0.707106781186547,0.00498046128407625,-0.999987597425787,0.0949999999999998,1
-0.00225325937871607,0.999994922809283,0.00225325937871607,0.707103191070562,0.00318658997292454,-0.707103191070562,-0.707106781186548,0,-0.707106781186548,0.0031865899729242,-0.999994922809283,0.0949999999999998,1
-0.00132468771504102,0.999998245200918,0.00132468771504102,0.707105540356217,0.00187339133252007,-0.707105540356217,-0.707106781186548,0,-0.707106781186548,0.00187339133251974,-0.999998245200918,0.0949999999999999,1
-0.000688937065764894,0.999999525365607,0.000688937065764894,0.707106445569349,0.000974304142026261,-0.707106445569349,-0.707106781186548,0,-0.707106781186548,0.000974304142025817,-0.999999525365607,0.0949999999999999,1
-0.000295195860797071,0.9999999128594,0.000295195860797071,0.707106719568838,0.000417469989895669,-0.707106719568838,-0.707106781186548,0,-0.707106781186548,0.000417469989895114,-0.9999999128594,0.0949999999999999,1
-8.88249509170547e-05,0.999999992110128,8.88249509170547e-05,0.707106775607566,0.000125617450264071,-0.707106775607566,-0.707106781186547,0,-0.707106781186547,0.00012561745026396,-0.999999992110128,0.0949999999999999,1
-1.12744589930158e-05,0.999999999872887,1.12744589930158e-05,0.707106781096665,1.59444928163888e-05,-0.707106781096665,-0.707106781186547,0,-0.707106781186547,1.59444928160557e-05,-0.999999999872887,0.0949999999999999,1
0,1,0,0.707106781186548,0,-0.707106781186548,-0.707106781186548,0,-0.707106781186548,-2.22044604925031e-16,-1,0.095,1
0,1,0,0.707106781186548,0,-0.707106781186548,-0.707106781186548,0,-0.707106781186548,0,-1,0.095,1
0,1,0,0.707106781186548,0,-0.707106781186548,-0.707106781186548,0,-0.707106781186548,0,-1,0.0949993402123397,1
0,1,0,0.707106781186548,0,-0.707106781186548,-0.707106781186548,0,-0.707106781186548,0,-1,0.0949948019140679,1
0,1,0,0.707106781186548,0,-0.707106781186548,-0.707106781186548,0,-0.707106781186548,0,-1,0.0949827249722521,1
0,1,0,0.707106781186548,0,-0.707106781186548,-0.707106781186548,0,-0.707106781186548,0,-1,0.094959683010349,1
0,1,0,0.707106781186548,0,-0.707106781186548,-0.707106781186548,0,-0.707106781186548,0,-1,0.094922478487017,1
0,1,0,0.707106781186548,0,-0.707106781186548,-0.707106781186548,0,-0.707106781186548,0,-1,0.0948681377749292,1
0,1,0,0.707106781186548,0,-0.707106781186548,-0.707106781186548,0,-0.707106781186548,0,-1,0.0947939062395862,1
0,1,0,0.707106781186548,0,-0.707106781186548,-0.707106781186548,0,-0.707106781186548,0,-1,0.0946972433181291,1
0,1,0,0.707106781186548,0,-0.707106781186548,-0.707106781186548,0,-0.707106781186548,0,-1,0.0945758175981521,1
0,1,0,0.707106781186548,0,-0.707106781186548,-0.707106781186548,0,-0.707106781186548,0,-1,0.0944275018965159,1
0,1,0,0.707106781186548,0,-0.707106781186548,-0.707106781186548,0,-0.707106781186548,0,-1,0.0942503683381598,1
0,1,0,0.707106781186548,0,-0.707106781186548,-0.707106781186548,0,-0.707106781186548,0,-1,0.0940426834349153,1
0,1,0,0.707106781186548,0,-0.707106781186548,-0.707106781186548,0,-0.707106781186548,0,-1,0.0938029031643184,1
0,1,0,0.707106781186548,0,-0.707106781186548,-0.707106781186548,0,-0.707106781186548,0,-1,0.0935296680484228,1
0,1,0,0.707106781186548,0,-0.707106781186548,-0.707106781186548,0,-0.707106781186548,0,-1,0.0932217982326126,1
0,1,0,0.707106781186548,0,-0.707106781186548,-0.707106781186548,0,-0.707106781186548,0,-1,0.0928782885644154,1
0,1,0,0.707106781186548,0,-0.707106781186548,-0.707106781186548,0,-0.707106781186548,0,-1,0.0924983036723148,1
0,1,0,0.707106781186548,0,-0.707106781186548,-0.707106781186548,0,-0.707106781186548,0,-1,0.0920811730445635,1
0,1,0,0.707106781186548,0,-0.707106781186548,-0.707106781186548,0,-0.707106781186548,0,-1,0.0916263861079962,1
0,1,0,0.707106781186548,0,-0.707106781186548,-0.707106781186548,0,-0.707106781186548,0,-1,0.0911335873068423,1
0,1,0,0.707106781186548,0,-0.707106781186548,-0.707106781186548,0,-0.707106781186548,0,-1,0.0906025711815389,1
0,1,0,0.707106781186548,0,-0.707106781186548,-0.707106781186548,0,-0.707106781186548,0,-1,0.0900332774475436,1
0,1,0,0.707106781186548,0,-0.707106781186548,-0.707106781186548,0,-0.707106781186548,0,-1,0.0894257860741472,1
0,1,0,0.707106781186548,0,-0.707106781186548,-0.707106781186548,0,-0.707106781186548,0,-1,0.0887803123632871,1
0,1,0,0.707106781186548,0,-0.707106781186548,-0.707106781186548,0,-0.707106781186548,0,-1,0.0880972020283595,1
0,1,0,0.707106781186548,0,-0.707106781186548,-0.707106781186548,0,-0.707106781186548,0,-1,0.0873769262730327,1
0,1,0,0.707106781186548,0,-0.707106781186548,-0.707106781186548,0,-0.707106781186548,0,-1,0.0866200768700598,1
0,1,0,0.707106781186548,0,-0.707106781186548,-0.707106781186548,0,-0.707106781186548,0,-1,0.0858273612400915,1
0,1,0,0.707106781186548,0,-0.707106781186548,-0.707106781186548,0,-0.707106781186548,0,-1,0.0849995975304894,1
0,1,0,0.707106781186548,0,-0.707106781186548,-0.707106781186548,0,-0.707106781186548,0,-1,0.084137709694138,1
0,1,0,0.707106781186548,0,-0.707106781186548,-0.707106781186548,0,-0.707106781186548,0,-1,0.0832427225682585,1
0,1,0,0.707106781186548,0,-0.707106781186548,-0.707106781186548,0,-0.707106781186548,0,-1,0.0823157569532211,1
0,1,0,0.707106781186548,0,-0.707106781186548,-0.707106781186548,0,-0.707106781186548,0,-1,0.081358024691358,1
0,1,0,0.707106781186548,0,-0.707106781186548,-0.707106781186548,0,-0.707106781186548,0,-1,0.0803708237457764,1
0,1,0,0.707106781186548,0,-0.707106781186548,-0.707106781186548,0,-0.707106781186548,0,-1,0.079355533279171,1
0,1,0,0.707106781186548,0,-0.707106781186548,-0.707106781186548,0,-0.707106781186548,0,-1,0.0783136087326375,1
0,1,0,0.707106781186548,0,-0.707106781186548,-0.707106781186548,0,-0.707106781186548,0,-1,0.0772465769044846,1
0,1,0,0.707106781186548,0,-0.707106781186548,-0.707106781186548,0,-0.707106781186548,0,-1,0.0761560310290476,1
0,1,0,0.707106781186548,0,-0.707106781186548,-0.707106781186548,0,-0.707106781186548,0,-1,0.0750436258555011,1
0,1,0,0.707106781186548,0,-0.707106781186548,-0.707106781186548,0,-0.707106781186548,0,-1,0.0739110727266716,1
0,1,0,0.707106781186548,0,-0.707106781186548,-0.707106781186548,0,-0.707106781186548,0,-1,0.0727601346578505,1
0,1,0,0.707106781186548,0,-0.707106781186548,-0.707106781186548,0,-0.707106781186548,0,-1,0.0715926214156071,1
0,1,0,0.707106781186548,0,-0.707106781186548,-0.707106781186548,0,-0.707106781186548,0,-1,0.0704103845966012,1
0,1,0,0.707106781186548,0,-0.707106781186548,-0.707106781186548,0,-0.707106781186548,0,-1,0.0692153127063963,1
0,1,0,0.707106781186548,0,-0.707106781186548,-0.707106781186548,0,-0.707106781186548,0,-1,0.0680093262382723,1
0,1,0,0.707106781186548,0,-0.707106781186548,-0.707106781186548,0,-0.707106781186548,0,-1,0.0667943727520381,1
0,1,0,0.707106781186548,0,-0.707106781186548,-0.707106781186548,0,-0.707106781186548,0,-1,0.065572421952845,1
0,1,0,0.707106781186548,0,-0.707106781186548,-0.707106781186548,0,-0.707106781186548,0,-1,0.0643454607699991,1
0,1,0,0.707106781186548,0,-0.707106781186548,-0.707106781186548,0,-0.707106781186548,0,-1,0.0631154884357744,1
0,1,0,0.707106781186548,0,-0.707106781186548,-0.707106781186548,0,-0.707106781186548,0,-1,0.0618845115642255,1
0,1,0,0.707106781186548,0,-0.707106781186548,-0.707106781186548,0,-0.707106781186548,0,-1,0.0606545392300007,1
0,1,0,0.707106781186548,0,-0.707106781186548,-0.707106781186548,0,-0.707106781186548,0,-1,0.0594275780471549,1
0,1,0,0.707106781186548,0,-0.707106781186548,-0.707106781186548,0,-0.707106781186548,0,-1,0.0582056272479617,1
0,1,0,0.707106781186548,0,-0.707106781186548,-0.707106781186548,0,-0.707106781186548,0,-1,0.0569906737617276,1
0,1,0,0.707106781186548,0,-0.707106781186548,-0.707106781186548,0,-0.707106781186548,0,-1,0.0557846872936035,1
0,1,0,0.707106781186548,0,-0.707106781186548,-0.707106781186548,0,-0.707106781186548,0,-1,0.0545896154033987,1
0,1,0,0.707106781186548,0,-0.707106781186548,-0.707106781186548,0,-0.707106781186548,0,-1,0.0534073785843928,1
0,1,0,0.707106781186548,0,-0.707106781186548,-0.707106781186548,0,-0.707106781186548,0,-1,0.0522398653421494,1
0,1,0,0.707106781186548,0,-0.707106781186548,-0.707106781186548,0,-0.707106781186548,0,-1,0.0510889272733283,1
0,1,0,0.707106781186548,0,-0.707106781186548,-0.707106781186548,0,-0.707106781186548,0,-1,0.0499563741444987,1
0,1,0,0.707106781186548,0,-0.707106781186548,-0.707106781186548,0,-0.707106781186548,0,-1,0.0488439689709522,1
0,1,0,0.707106781186548,0,-0.707106781186548,-0.707106781186548,0,-0.707106781186548,0,-1,0.0477534230955153,1
0,1,0,0.707106781186548,0,-0.707106781186548,-0.707106781186548,0,-0.707106781186548,0,-1,0.0466863912673624,1
0,1,0,0.707106781186548,0,-0.707106781186548,-0.707106781186548,0,-0.707106781186548,0,-1,0.0456444667208288,1
0,1,0,0.707106781186548,0,-0.707106781186548,-0.707106781186548,0,-0.707106781186548,0,-1,0.0446291762542235,1
0,1,0,0.707106781186548,0,-0.707106781186548,-0.707106781186548,0,-0.707106781186548,0,-1,0.0436419753086419,1
0,1,0,0.707106781186548,0,-0.707106781186548,-0.707106781186548,0,-0.707106781186548,0,-1,0.0426842430467788,1
0,1,0,0.707106781186548,0,-0.707106781186548,-0.707106781186548,0,-0.707106781186548,0,-1,0.0417572774317414,1
0,1,0,0.707106781186548,0,-0.707106781186548,-0.707106781186548,0,-0.707106781186548,0,-1,0.0408622903058619,1
0,1,0,0.707106781186548,0,-0.707106781186548,-0.707106781186548,0,-0.707106781186548,0,-1,0.0400004024695105,1
0,1,0,0.707106781186548,0,-0.707106781186548,-0.707106781186548,0,-0.707106781186548,0,-1,0.0391726387599083,1
0,1,0,0.707106781186548,0,-0.707106781186548,-0.707106781186548,0,-0.707106781186548,0,-1,0.0383799231299401,1
0,1,0,0.707106781186548,0,-0.707106781186548,-0.707106781186548,0,-0.707106781186548,0,-1,0.0376230737269672,1
0,1,0,0.707106781186548,0,-0.707106781186548,-0.707106781186548,0,-0.707106781186548,0,-1,0.0369027979716404,1
0,1,0,0.707106781186548,0,-0.707106781186548,-0.707106781186548,0,-0.707106781186548,0,-1,0.0362196876367127,1
0,1,0,0.707106781186548,0,-0.707106781186548,-0.707106781186548,0,-0.707106781186548,0,-1,0.0355742139258526,1
0,1,0,0.707106781186548,0,-0.707106781186548,-0.707106781186548,0,-0.707106781186548,0,-1,0.0349667225524563,1
0,1,0,0.707106781186548,0,-0.707106781186548,-0.707106781186548,0,-0.707106781186548,0,-1,0.034397428818461,1
0,1,0,0.707106781186548,0,-0.707106781186548,-0.707106781186548,0,-0.707106781186548,0,-1,0.0338664126931575,1
0,1,0,0.707106781186548,0,-0.707106781186548,-0.707106781186548,0,-0.707106781186548,0,-1,0.0333736138920036,1
0,1,0,0.707106781186548,0,-0.707106781186548,-0.707106781186548,0,-0.707106781186548,0,-1,0.0329188269554363,1
0,1,0,0.707106781186548,0,-0.707106781186548,-0.707106781186548,0,-0.707106781186548,0,-1,0.0325016963276852,1
0,1,0,0.707106781186548,0,-0.707106781186548,-0.707106781186548,0,-0.707106781186548,0,-1,0.0321217114355845,1
0,1,0,0.707106781186548,0,-0.707106781186548,-0.707106781186548,0,-0.707106781186548,0,-1,0.0317782017673873,1
0,1,0,0.707106781186548,0,-0.707106781186548,-0.707106781186548,0,-0.707106781186548,0,-1,0.0314703319515771,1
0,1,0,0.707106781186548,0,-0.707106781186548,-0.707106781186548,0,-0.707106781186548,0,-1,0.0311970968356815,1
0,1,0,0.707106781186548,0,-0.707106781186548,-0.707106781186548,0,-0.707106781186548,0,-1,0.0309573165650846,1
0,1,0,0.707106781186548,0,-0.707106781186548,-0.707106781186548,0,-0.707106781186548,0,-1,0.03074963166184,1
0,1,0,0.707106781186548,0,-0.707106781186548,-0.707106781186548,0,-0.707106781186548,0,-1,0.030572498103484,1
0,1,0,0.707106781186548,0,-0.707106781186548,-0.707106781186548,0,-0.707106781186548,0,-1,0.0304241824018478,1
0,1,0,0.707106781186548,0,-0.707106781186548,-0.707106781186548,0,-0.707106781186548,0,-1,0.0303027566818708,1
0,1,0,0.707106781186548,0,-0.707106781186548,-0.707106781186548,0,-0.707106781186548,0,-1,0.0302060937604137,1
0,1,0,0.707106781186548,0,-0.707106781186548,-0.707106781186548,0,-0.707106781186548,0,-1,0.0301318622250707,1
0,1,0,0.707106781186548,0,-0.707106781186548,-0.707106781186548,0,-0.707106781186548,0,-1,0.030077521512983,1
0,1,0,0.707106781186548,0,-0.707106781186548,-0.707106781186548,0,-0.707106781186548,0,-1,0.0300403169896509,1
0,1,0,0.707106781186548,0,-0.707106781186548,-0.707106781186548,0,-0.707106781186548,0,-1,0.0300172750277476,1
0,1,0,0.707106781186548,0,-0.707106781186548,-0.707106781186548,0,-0.707106781186548,0,-1,0.0300051980859321,1
0,1,0,0.707106781186548,0,-0.707106781186548,-0.707106781186548,0,-0.707106781186548,0,-1,0.0300006597876601,1
0,1,0,0.707106781186548,0,-0.707106781186548,-0.707106781186548,0,-0.707106781186548,0,-1,0.0299999999999999,1
0,1,0,0.707106781186548,0,-0.707106781186548,-0.707106781186548,0,-0.707106781186548,0,-1,0.03,0
0,1,0,0.707106781186548,0,-0.707106781186548,-0.707106781186548,0,-0.707106781186548,0,-1,0.03,0
0,1,0,0.707106781186548,0,-0.707106781186548,-0.707106781186548,0,-0.707106781186548,0,-1,0.03,0
0,1,0,0.707106781186548,0,-0.707106781186548,-0.707106781186548,0,-0.707106781186548,0,-1,0.03,0
0,1,0,0.707106781186548,0,-0.707106781186548,-0.707106781186548,0,-0.707106781186548,0,-1,0.03,0
0,1,0,0.707106781186548,0,-0.707106781186548,-0.707106781186548,0,-0.707106781186548,0,-1,0.03,0
0,1,0,0.707106781186548,0,-0.707106781186548,-0.707106781186548,0,-0.707106781186548,0,-1,0.03,0
0,1,0,0.707106781186548,0,-0.707106781186548,-0.707106781186548,0,-0.707106781186548,0,-1,0.03,0
0,1,0,0.707106781186548,0,-0.707106781186548,-0.707106781186548,0,-0.707106781186548,0,-1,0.03,0
0,1,0,0.707106781186548,0,-0.707106781186548,-0.707106781186548,0,-0.707106781186548,0,-1,0.03,0
0,1,0,0.707106781186548,0,-0.707106781186548,-0.707106781186548,0,-0.707106781186548,0,-1,0.03,0
0,1,0,0.707106781186548,0,-0.707106781186548,-0.707106781186548,0,-0.707106781186548,0,-1,0.03,0
0,1,0,0.707106781186548,0,-0.707106781186548,-0.707106781186548,0,-0.707106781186548,0,-1,0.03,0
0,1,0,0.707106781186548,0,-0.707106781186548,-0.707106781186548,0,-0.707106781186548,0,-1,0.03,0
0,1,0,0.707106781186548,0,-0.707106781186548,-0.707106781186548,0,-0.707106781186548,0,-1,0.03,0
0,1,0,0.707106781186548,0,-0.707106781186548,-0.707106781186548,0,-0.707106781186548,0,-1,0.03,0
0,1,0,0.707106781186548,0,-0.707106781186548,-0.707106781186548,0,-0.707106781186548,0,-1,0.03,0
0,1,0,0.707106781186548,0,-0.707106781186548,-0.707106781186548,0,-0.707106781186548,0,-1,0.03,0
0,1,0,0.707106781186548,0,-0.707106781186548,-0.707106781186548,0,-0.707106781186548,0,-1,0.03,0
0,1,0,0.707106781186548,0,-0.707106781186548,-0.707106781186548,0,-0.707106781186548,0,-1,0.03,0
0,1,0,0.707106781186548,0,-0.707106781186548,-0.707106781186548,0,-0.707106781186548,0,-1,0.03,0
0,1,0,0.707106781186548,0,-0.707106781186548,-0.707106781186548,0,-0.707106781186548,0,-1,0.03,0
0,1,0,0.707106781186548,0,-0.707106781186548,-0.707106781186548,0,-0.707106781186548,0,-1,0.03,0
0,1,0,0.707106781186548,0,-0.707106781186548,-0.707106781186548,0,-0.707106781186548,0,-1,0.03,0
0,1,0,0.707106781186548,0,-0.707106781186548,-0.707106781186548,0,-0.707106781186548,0,-1,0.03,0
0,1,0,0.707106781186548,0,-0.707106781186548,-0.707106781186548,0,-0.707106781186548,0,-1,0.03,0
0,1,0,0.707106781186548,0,-0.707106781186548,-0.707106781186548,0,-0.707106781186548,0,-1,0.03,0
0,1,0,0.707106781186548,0,-0.707106781186548,-0.707106781186548,0,-0.707106781186548,0,-1,0.03,0
0,1,0,0.707106781186548,0,-0.707106781186548,-0.707106781186548,0,-0.707106781186548,0,-1,0.03,0
0,1,0,0.707106781186548,0,-0.707106781186548,-0.707106781186548,0,-0.707106781186548,0,-1,0.03,0
0,1,0,0.707106781186548,0,-0.707106781186548,-0.707106781186548,0,-0.707106781186548,0,-1,0.03,0
0,1,0,0.707106781186548,0,-0.707106781186548,-0.707106781186548,0,-0.707106781186548,0,-1,0.03,0
0,1,0,0.707106781186548,0,-0.707106781186548,-0.707106781186548,0,-0.707106781186548,0,-1,0.03,0
0,1,0,0.707106781186548,0,-0.707106781186548,-0.707106781186548,0,-0.707106781186548,0,-1,0.03,0
0,1,0,0.707106781186548,0,-0.707106781186548,-0.707106781186548,0,-0.707106781186548,0,-1,0.03,0
0,1,0,0.707106781186548,0,-0.707106781186548,-0.707106781186548,0,-0.707106781186548,0,-1,0.03,0
0,1,0,0.707106781186548,0,-0.707106781186548,-0.707106781186548,0,-0.707106781186548,0,-1,0.03,0
0,1,0,0.707106781186548,0,-0.707106781186548,-0.707106781186548,0,-0.707106781186548,0,-1,0.03,0
0,1,0,0.707106781186548,0,-0.707106781186548,-0.707106781186548,0,-0.707106781186548,0,-1,0.03,0
0,1,0,0.707106781186548,0,-0.707106781186548,-0.707106781186548,0,-0.707106781186548,0,-1,0.03,0
0,1,0,0.707106781186548,0,-0.707106781186548,-0.707106781186548,0,-0.707106781186548,0,-1,0.03,0
0,1,0,0.707106781186548,0,-0.707106781186548,-0.707106781186548,0,-0.707106781186548,0,-1,0.03,0
0,1,0,0.707106781186548,0,-0.707106781186548,-0.707106781186548,0,-0.707106781186548,0,-1,0.03,0
0,1,0,0.707106781186548,0,-0.707106781186548,-0.707106781186548,0,-0.707106781186548,0,-1,0.03,0
0,1,0,0.707106781186548,0,-0.707106781186548,-0.707106781186548,0,-0.707106781186548,0,-1,0.03,0
0,1,0,0.707106781186548,0,-0.707106781186548,-0.707106781186548,0,-0.707106781186548,0,-1,0.03,0
0,1,0,0.707106781186548,0,-0.707106781186548,-0.707106781186548,0,-0.707106781186548,0,-1,0.03,0
0,1,0,0.707106781186548,0,-0.707106781186548,-0.707106781186548,0,-0.707106781186548,0,-1,0.03,0
0,1,0,0.707106781186548,0,-0.707106781186548,-0.707106781186548,0,-0.707106781186548,0,-1,0.03,0
0,1,0,0.707106781186548,0,-0.707106781186548,-0.707106781186548,0,-0.707106781186548,0,-1,0.03,0
0,1,0,0.707106781186548,0,-0.707106781186548,-0.707106781186548,0,-0.707106781186548,0,-1,0.03,0
0,1,0,0.707106781186548,0,-0.707106781186548,-0.707106781186548,0,-0.707106781186548,0,-1,0.03,0
0,1,0,0.707106781186548,0,-0.707106781186548,-0.707106781186548,0,-0.707106781186548,0,-1,0.03,0
0,1,0,0.707106781186548,0,-0.707106781186548,-0.707106781186548,0,-0.707106781186548,0,-1,0.03,0
0,1,0,0.707106781186548,0,-0.707106781186548,-0.707106781186548,0,-0.707106781186548,0,-1,0.03,0
0,1,0,0.707106781186548,0,-0.707106781186548,-0.707106781186548,0,-0.707106781186548,0,-1,0.03,0
0,1,0,0.707106781186548,0,-0.707106781186548,-0.707106781186548,0,-0.707106781186548,0,-1,0.03,0
0,1,0,0.707106781186548,0,-0.707106781186548,-0.707106781186548,0,-0.707106781186548,0,-1,0.03,0
0,1,0,0.707106781186548,0,-0.707106781186548,-0.707106781186548,0,-0.707106781186548,0,-1,0.03,0
0,1,0,0.707106781186548,0,-0.707106781186548,-0.707106781186548,0,-0.707106781186548,0,-1,0.03,0
0,1,0,0.707106781186548,0,-0.707106781186548,-0.707106781186548,0,-0.707106781186548,0,-1,0.03,0
0,1,0,0.707106781186548,0,-0.707106781186548,-0.707106781186548,0,-0.707106781186548,0,-1,0.03,0
0,1,0,0.707106781186548,0,-0.707106781186548,-0.707106781186548,0,-0.707106781186548,0,-1,0.03,0
0,1,0,0.707106781186548,0,-0.707106781186548,-0.707106781186548,0,-0.707106781186548,0,-1,0.03,0
0,1,0,0.707106781186548,0,-0.707106781186548,-0.707106781186548,0,-0.707106781186548,0,-1,0.03,0
0,1,0,0.707106781186548,0,-0.707106781186548,-0.707106781186548,0,-0.707106781186548,0,-1,0.03,0
0,1,0,0.707106781186548,0,-0.707106781186548,-0.707106781186548,0,-0.707106781186548,0,-1,0.03,0
0,1,0,0.707106781186548,0,-0.707106781186548,-0.707106781186548,0,-0.707106781186548,0,-1,0.03,0
0,1,0,0.707106781186548,0,-0.707106781186548,-0.707106781186548,0,-0.707106781186548,0,-1,0.03,0
0,1,0,0.707106781186548,0,-0.707106781186548,-0.707106781186548,0,-0.707106781186548,0,-1,0.03,0
0,1,0,0.707106781186548,0,-0.707106781186548,-0.707106781186548,0,-0.707106781186548,0,-1,0.03,0
0,1,0,0.707106781186548,0,-0.707106781186548,-0.707106781186548,0,-0.707106781186548,0,-1,0.03,0
0,1,0,0.707106781186548,0,-0.707106781186548,-0.707106781186548,0,-0.707106781186548,0,-1,0.03,0
0,1,0,0.707106781186548,0,-0.707106781186548,-0.707106781186548,0,-0.707106781186548,0,-1,0.03,0
0,1,0,0.707106781186548,0,-0.707106781186548,-0.707106781186548,0,-0.707106781186548,0,-1,0.03,0
0,1,0,0.707106781186548,0,-0.707106781186548,-0.707106781186548,0,-0.707106781186548,0,-1,0.03,0
0,1,0,0.707106781186548,0,-0.707106781186548,-0.707106781186548,0,-0.707106781186548,0,-1,0.03,0
0,1,0,0.707106781186548,0,-0.707106781186548,-0.707106781186548,0,-0.707106781186548,0,-1,0.03,0
0,1,0,0.707106781186548,0,-0.707106781186548,-0.707106781186548,0,-0.707106781186548,0,-1,0.03,0
0,1,0,0.707106781186548,0,-0.707106781186548,-0.707106781186548,0,-0.707106781186548,0,-1,0.03,0
0,1,0,0.707106781186548,0,-0.707106781186548,-0.707106781186548,0,-0.707106781186548,0,-1,0.03,0
0,1,0,0.707106781186548,0,-0.707106781186548,-0.707106781186548,0,-0.707106781186548,0,-1,0.03,0
0,1,0,0.707106781186548,0,-0.707106781186548,-0.707106781186548,0,-0.707106781186548,0,-1,0.03,0
0,1,0,0.707106781186548,0,-0.707106781186548,-0.707106781186548,0,-0.707106781186548,0,-1,0.03,0
0,1,0,0.707106781186548,0,-0.707106781186548,-0.707106781186548,0,-0.707106781186548,0,-1,0.03,0
0,1,0,0.707106781186548,0,-0.707106781186548,-0.707106781186548,0,-0.707106781186548,0,-1,0.03,0
0,1,0,0.707106781186548,0,-0.707106781186548,-0.707106781186548,0,-0.707106781186548,0,-1,0.03,0
0,1,0,0.707106781186548,0,-0.707106781186548,-0.707106781186548,0,-0.707106781186548,0,-1,0.03,0
0,1,0,0.707106781186548,0,-0.707106781186548,-0.707106781186548,0,-0.707106781186548,0,-1,0.03,0
0,1,0,0.707106781186548,0,-0.707106781186548,-0.707106781186548,0,-0.707106781186548,0,-1,0.03,0
0,1,0,0.707106781186548,0,-0.707106781186548,-0.707106781186548,0,-0.707106781186548,0,-1,0.03,0
0,1,0,0.707106781186548,0,-0.707106781186548,-0.707106781186548,0,-0.707106781186548,0,-1,0.03,0
0,1,0,0.707106781186548,0,-0.707106781186548,-0.707106781186548,0,-0.707106781186548,0,-1,0.03,0
0,1,0,0.707106781186548,0,-0.707106781186548,-0.707106781186548,0,-0.707106781186548,0,-1,0.03,0
0,1,0,0.707106781186548,0,-0.707106781186548,-0.707106781186548,0,-0.707106781186548,0,-1,0.03,0
0,1,0,0.707106781186548,0,-0.707106781186548,-0.707106781186548,0,-0.707106781186548,0,-1,0.03,0
0,1,0,0.707106781186548,0,-0.707106781186548,-0.707106781186548,0,-0.707106781186548,0,-1,0.03,0
0,1,0,0.707106781186548,0,-0.707106781186548,-0.707106781186548,0,-0.707106781186548,0,-1,0.03,0
0,1,0,0.707106781186548,0,-0.707106781186548,-0.707106781186548,0,-0.707106781186548,0,-1,0.03,0
0,1,0,0.707106781186548,0,-0.707106781186548,-0.707106781186548,0,-0.707106781186548,0,-1,0.03,0
0,1,0,0.707106781186548,0,-0.707106781186548,-0.707106781186548,0,-0.707106781186548,0,-1,0.03,0
0,1,0,0.707106781186548,0,-0.707106781186548,-0.707106781186548,0,-0.707106781186548,0,-1,0.0300006597876603,0
0,1,0,0.707106781186548,0,-0.707106781186548,-0.707106781186548,0,-0.707106781186548,0,-1,0.0300051980859322,0
0,1,0,0.707106781186548,0,-0.707106781186548,-0.707106781186548,0,-0.707106781186548,0,-1,0.0300172750277479,0
0,1,0,0.707106781186548,0,-0.707106781186548,-0.707106781186548,0,-0.707106781186548,0,-1,0.030040316989651,0
0,1,0,0.707106781186548,0,-0.707106781186548,-0.707106781186548,0,-0.707106781186548,0,-1,0.030077521512983,0
0,1,0,0.707106781186548,0,-0.707106781186548,-0.707106781186548,0,-0.707106781186548,0,-1,0.0301318622250708,0
0,1,0,0.707106781186548,0,-0.707106781186548,-0.707106781186548,0,-0.707106781186548,0,-1,0.0302060937604138,0
0,1,0,0.707106781186548,0,-0.707106781186548,-0.707106781186548,0,-0.707106781186548,0,-1,0.0303027566818709,0
0,1,0,0.707106781186548,0,-0.707106781186548,-0.707106781186548,0,-0.707106781186548,0,-1,0.0304241824018479,0
0,1,0,0.707106781186548,0,-0.707106781186548,-0.707106781186548,0,-0.707106781186548,0,-1,0.0305724981034841,0
0,1,0,0.707106781186548,0,-0.707106781186548,-0.707106781186548,0,-0.707106781186548,0,-1,0.0307496316618402,0
0,1,0,0.707106781186548,0,-0.707106781186548,-0.707106781186548,0,-0.707106781186548,0,-1,0.0309573165650847,0
0,1,0,0.707106781186548,0,-0.707106781186548,-0.707106781186548,0,-0.707106781186548,0,-1,0.0311970968356816,0
0,1,0,0.707106781186548,0,-0.707106781186548,-0.707106781186548,0,-0.707106781186548,0,-1,0.0314703319515772,0
0,1,0,0.707106781186548,0,-0.707106781186548,-0.707106781186548,0,-0.707106781186548,0,-1,0.0317782017673874,0
0,1,0,0.707106781186548,0,-0.707106781186548,-0.707106781186548,0,-0.707106781186548,0,-1,0.0321217114355846,0
0,1,0,0.707106781186548,0,-0.707106781186548,-0.707106781186548,0,-0.707106781186548,0,-1,0.0325016963276852,0
0,1,0,0.707106781186548,0,-0.707106781186548,-0.707106781186548,0,-0.707106781186548,0,-1,0.0329188269554365,0
0,1,0,0.707106781186548,0,-0.707106781186548,-0.707106781186548,0,-0.707106781186548,0,-1,0.0333736138920038,0
0,1,0,0.707106781186548,0,-0.707106781186548,-0.707106781186548,0,-0.707106781186548,0,-1,0.0338664126931577,0
0,1,0,0.707106781186548,0,-0.707106781186548,-0.707106781186548,0,-0.707106781186548,0,-1,0.0343974288184611,0
0,1,0,0.707106781186548,0,-0.707106781186548,-0.707106781186548,0,-0.707106781186548,0,-1,0.0349667225524564,0
0,1,0,0.707106781186548,0,-0.707106781186548,-0.707106781186548,0,-0.707106781186548,0,-1,0.0355742139258528,0
0,1,0,0.707106781186548,0,-0.707106781186548,-0.707106781186548,0,-0.707106781186548,0,-1,0.0362196876367129,0
0,1,0,0.707106781186548,0,-0.707106781186548,-0.707106781186548,0,-0.707106781186548,0,-1,0.0369027979716405,0
0,1,0,0.707106781186548,0,-0.707106781186548,-0.707106781186548,0,-0.707106781186548,0,-1,0.0376230737269673,0
0,1,0,0.707106781186548,0,-0.707106781186548,-0.707106781186548,0,-0.707106781186548,0,-1,0.0383799231299402,0
0,1,0,0.707106781186548,0,-0.707106781186548,-0.707106781186548,0,-0.707106781186548,0,-1,0.0391726387599085,0
0,1,0,0.707106781186548,0,-0.707106781186548,-0.707106781186548,0,-0.707106781186548,0,-1,0.0400004024695107,0
0,1,0,0.707106781186548,0,-0.707106781186548,-0.707106781186548,0,-0.707106781186548,0,-1,0.040862290305862,0
0,1,0,0.707106781186548,0,-0.707106781186548,-0.707106781186548,0,-0.707106781186548,0,-1,0.0417572774317415,0
0,1,0,0.707106781186548,0,-0.707106781186548,-0.707106781186548,0,-0.707106781186548,0,-1,0.0426842430467789,0
0,1,0,0.707106781186548,0,-0.707106781186548,-0.707106781186548,0,-0.707106781186548,0,-1,0.043641975308642,0
0,1,0,0.707106781186548,0,-0.707106781186548,-0.707106781186548,0,-0.707106781186548,0,-1,0.0446291762542236,0
0,1,0,0.707106781186548,0,-0.707106781186548,-0.707106781186548,0,-0.707106781186548,0,-1,0.045644466720829,0
0,1,0,0.707106781186548,0,-0.707106781186548,-0.707106781186548,0,-0.707106781186548,0,-1,0.0466863912673625,0
0,1,0,0.707106781186548,0,-0.707106781186548,-0.707106781186548,0,-0.707106781186548,0,-1,0.0477534230955154,0
0,1,0,0.707106781186548,0,-0.707106781186548,-0.707106781186548,0,-0.707106781186548,0,-1,0.0488439689709524,0
0,1,0,0.707106781186548,0,-0.707106781186548,-0.707106781186548,0,-0.707106781186548,0,-1,0.0499563741444989,0
0,1,0,0.707106781186548,0,-0.707106781186548,-0.707106781186548,0,-0.707106781186548,0,-1,0.0510889272733284,0
0,1,0,0.707106781186548,0,-0.707106781186548,-0.707106781186548,0,-0.707106781186548,0,-1,0.0522398653421495,0
0,1,0,0.707106781186548,0,-0.707106781186548,-0.707106781186548,0,-0.707106781186548,0,-1,0.0534073785843929,0
0,1,0,0.707106781186548,0,-0.707106781186548,-0.707106781186548,0,-0.707106781186548,0,-1,0.0545896154033988,0
0,1,0,0.707106781186548,0,-0.707106781186548,-0.707106781186548,0,-0.707106781186548,0,-1,0.0557846872936037,0
0,1,0,0.707106781186548,0,-0.707106781186548,-0.707106781186548,0,-0.707106781186548,0,-1,0.0569906737617277,0
0,1,0,0.707106781186548,0,-0.707106781186548,-0.707106781186548,0,-0.707106781186548,0,-1,0.0582056272479619,0
0,1,0,0.707106781186548,0,-0.707106781186548,-0.707106781186548,0,-0.707106781186548,0,-1,0.059427578047155,0
0,1,0,0.707106781186548,0,-0.707106781186548,-0.707106781186548,0,-0.707106781186548,0,-1,0.0606545392300009,0
0,1,0,0.707106781186548,0,-0.707106781186548,-0.707106781186548,0,-0.707106781186548,0,-1,0.0618845115642256,0
0,1,0,0.707106781186548,0,-0.707106781186548,-0.707106781186548,0,-0.707106781186548,0,-1,0.0631154884357745,0
0,1,0,0.707106781186548,0,-0.707106781186548,-0.707106781186548,0,-0.707106781186548,0,-1,0.0643454607699993,0
0,1,0,0.707106781186548,0,-0.707106781186548,-0.707106781186548,0,-0.707106781186548,0,-1,0.0655724219528452,0
0,1,0,0.707106781186548,0,-0.707106781186548,-0.707106781186548,0,-0.707106781186548,0,-1,0.0667943727520383,0
0,1,0,0.707106781186548,0,-0.707106781186548,-0.707106781186548,0,-0.707106781186548,0,-1,0.0680093262382724,0
0,1,0,0.707106781186548,0,-0.707106781186548,-0.707106781186548,0,-0.707106781186548,0,-1,0.0692153127063965,0
0,1,0,0.707106781186548,0,-0.707106781186548,-0.707106781186548,0,-0.707106781186548,0,-1,0.0704103845966013,0
0,1,0,0.707106781186548,0,-0.707106781186548,-0.707106781186548,0,-0.707106781186548,0,-1,0.0715926214156072,0
0,1,0,0.707106781186548,0,-0.707106781186548,-0.707106781186548,0,-0.707106781186548,0,-1,0.0727601346578506,0
0,1,0,0.707106781186548,0,-0.707106781186548,-0.707106781186548,0,-0.707106781186548,0,-1,0.0739110727266717,0
0,1,0,0.707106781186548,0,-0.707106781186548,-0.707106781186548,0,-0.707106781186548,0,-1,0.0750436258555013,0
0,1,0,0.707106781186548,0,-0.707106781186548,-0.707106781186548,0,-0.707106781186548,0,-1,0.0761560310290478,0
0,1,0,0.707106781186548,0,-0.707106781186548,-0.707106781186548,0,-0.707106781186548,0,-1,0.0772465769044847,0
0,1,0,0.707106781186548,0,-0.707106781186548,-0.707106781186548,0,-0.707106781186548,0,-1,0.0783136087326376,0
0,1,0,0.707106781186548,0,-0.707106781186548,-0.707106781186548,0,-0.707106781186548,0,-1,0.0793555332791712,0
0,1,0,0.707106781186548,0,-0.707106781186548,-0.707106781186548,0,-0.707106781186548,0,-1,0.0803708237457765,0
0,1,0,0.707106781186548,0,-0.707106781186548,-0.707106781186548,0,-0.707106781186548,0,-1,0.0813580246913581,0
0,1,0,0.707106781186548,0,-0.707106781186548,-0.707106781186548,0,-0.707106781186548,0,-1,0.0823157569532212,0
0,1,0,0.707106781186548,0,-0.707106781186548,-0.707106781186548,0,-0.707106781186548,0,-1,0.0832427225682586,0
0,1,0,0.707106781186548,0,-0.707106781186548,-0.707106781186548,0,-0.707106781186548,0,-1,0.0841377096941381,0
0,1,0,0.707106781186548,0,-0.707106781186548,-0.707106781186548,0,-0.707106781186548,0,-1,0.0849995975304895,0
0,1,0,0.707106781186548,0,-0.707106781186548,-0.707106781186548,0,-0.707106781186548,0,-1,0.0858273612400917,0
0,1,0,0.707106781186548,0,-0.707106781186548,-0.707106781186548,0,-0.707106781186548,0,-1,0.0866200768700599,0
0,1,0,0.707106781186548,0,-0.707106781186548,-0.707106781186548,0,-0.707106781186548,0,-1,0.0873769262730328,0
0,1,0,0.707106781186548,0,-0.707106781186548,-0.707106781186548,0,-0.707106781186548,0,-1,0.0880972020283596,0
0,1,0,0.707106781186548,0,-0.707106781186548,-0.707106781186548,0,-0.707106781186548,0,-1,0.0887803123632873,0
0,1,0,0.707106781186548,0,-0.707106781186548,-0.707106781186548,0,-0.707106781186548,0,-1,0.0894257860741474,0
0,1,0,0.707106781186548,0,-0.707106781186548,-0.707106781186548,0,-0.707106781186548,0,-1,0.0900332774475437,0
0,1,0,0.707106781186548,0,-0.707106781186548,-0.707106781186548,0,-0.707106781186548,0,-1,0.090602571181539,0
0,1,0,0.707106781186548,0,-0.707106781186548,-0.707106781186548,0,-0.707106781186548,0,-1,0.0911335873068425,0
0,1,0,0.707106781186548,0,-0.707106781186548,-0.707106781186548,0,-0.707106781186548,0,-1,0.0916263861079964,0
0,1,0,0.707106781186548,0,-0.707106781186548,-0.707106781186548,0,-0.707106781186548,0,-1,0.0920811730445637,0
0,1,0,0.707106781186548,0,-0.707106781186548,-0.707106781186548,0,-0.707106781186548,0,-1,0.0924983036723148,0
0,1,0,0.707106781186548,0,-0.707106781186548,-0.707106781186548,0,-0.707106781186548,0,-1,0.0928782885644155,0
0,1,0,0.707106781186548,0,-0.707106781186548,-0.707106781186548,0,-0.707106781186548,0,-1,0.0932217982326127,0
0,1,0,0.707106781186548,0,-0.707106781186548,-0.707106781186548,0,-0.707106781186548,0,-1,0.0935296680484229,0
0,1,0,0.707106781186548,0,-0.707106781186548,-0.707106781186548,0,-0.707106781186548,0,-1,0.0938029031643185,0
0,1,0,0.707106781186548,0,-0.707106781186548,-0.707106781186548,0,-0.707106781186548,0,-1,0.0940426834349154,0
0,1,0,0.707106781186548,0,-0.707106781186548,-0.707106781186548,0,-0.707106781186548,0,-1,0.09425036833816,0
0,1,0,0.707106781186548,0,-0.707106781186548,-0.707106781186548,0,-0.707106781186548,0,-1,0.094427501896516,0
0,1,0,0.707106781186548,0,-0.707106781186548,-0.707106781186548,0,-0.707106781186548,0,-1,0.0945758175981522,0
0,1,0,0.707106781186548,0,-0.707106781186548,-0.707106781186548,0,-0.707106781186548,0,-1,0.0946972433181292,0
0,1,0,0.707106781186548,0,-0.707106781186548,-0.707106781186548,0,-0.707106781186548,0,-1,0.0947939062395863,0
0,1,0,0.707106781186548,0,-0.707106781186548,-0.707106781186548,0,-0.707106781186548,0,-1,0.0948681377749293,0
0,1,0,0.707106781186548,0,-0.707106781186548,-0.707106781186548,0,-0.707106781186548,0,-1,0.094922478487017,0
0,1,0,0.707106781186548,0,-0.707106781186548,-0.707106781186548,0,-0.707106781186548,0,-1,0.0949596830103491,0
0,1,0,0.707106781186548,0,-0.707106781186548,-0.707106781186548,0,-0.707106781186548,0,-1,0.0949827249722524,0
0,1,0,0.707106781186548,0,-0.707106781186548,-0.707106781186548,0,-0.707106781186548,0,-1,0.0949948019140679,0
0,1,0,0.707106781186548,0,-0.707106781186548,-0.707106781186548,0,-0.707106781186548,0,-1,0.0949993402123399,0
0,1,0,0.707106781186548,0,-0.707106781186548,-0.707106781186548,0,-0.707106781186548,0,-1,0.0950000000000001,0
